adjusted_rand_score,parameters,model_hyperparameters
0.6987955368985102,"{'binarize': True, 'percentile': 0, 'word_level_threshold': False, 'score_path': 'rusemshift-finetune'}","{'weighting': 'top', 'seed': 90}"
0.713817697998025,"{'binarize': True, 'percentile': 0, 'word_level_threshold': False, 'score_path': 'rusemshift-finetune'}","{'weighting': 'lin', 'seed': 90}"
0.6564663590957246,"{'binarize': True, 'percentile': 0, 'word_level_threshold': False, 'score_path': 'rusemshift-finetune'}","{'weighting': 'log', 'seed': 90}"
0.6321426440541073,"{'binarize': True, 'percentile': 0, 'word_level_threshold': False, 'score_path': 'rusemshift-train'}","{'weighting': 'top', 'seed': 90}"
0.6893805392635081,"{'binarize': True, 'percentile': 0, 'word_level_threshold': False, 'score_path': 'rusemshift-train'}","{'weighting': 'lin', 'seed': 90}"
0.6411633070383608,"{'binarize': True, 'percentile': 0, 'word_level_threshold': False, 'score_path': 'rusemshift-train'}","{'weighting': 'log', 'seed': 90}"
0.6328429526755251,"{'binarize': True, 'percentile': 0, 'word_level_threshold': False, 'score_path': 'ru-ru'}","{'weighting': 'top', 'seed': 90}"
0.6552183229140149,"{'binarize': True, 'percentile': 0, 'word_level_threshold': False, 'score_path': 'ru-ru'}","{'weighting': 'lin', 'seed': 90}"
0.6388419713439045,"{'binarize': True, 'percentile': 0, 'word_level_threshold': False, 'score_path': 'ru-ru'}","{'weighting': 'log', 'seed': 90}"
0.7182529545121373,"{'binarize': True, 'percentile': 0, 'word_level_threshold': False, 'score_path': 'en-en'}","{'weighting': 'top', 'seed': 90}"
0.7099025936111637,"{'binarize': True, 'percentile': 0, 'word_level_threshold': False, 'score_path': 'en-en'}","{'weighting': 'lin', 'seed': 90}"
0.687818133727652,"{'binarize': True, 'percentile': 0, 'word_level_threshold': False, 'score_path': 'en-en'}","{'weighting': 'log', 'seed': 90}"
0.25,"{'binarize': True, 'percentile': 1, 'word_level_threshold': False, 'score_path': 'rusemshift-finetune'}","{'weighting': 'top', 'seed': 90}"
0.3402400586496255,"{'binarize': True, 'percentile': 1, 'word_level_threshold': False, 'score_path': 'rusemshift-finetune'}","{'weighting': 'lin', 'seed': 90}"
0.32114147909967844,"{'binarize': True, 'percentile': 1, 'word_level_threshold': False, 'score_path': 'rusemshift-finetune'}","{'weighting': 'log', 'seed': 90}"
0.20833333333333334,"{'binarize': True, 'percentile': 1, 'word_level_threshold': False, 'score_path': 'rusemshift-train'}","{'weighting': 'top', 'seed': 90}"
0.3627681703089916,"{'binarize': True, 'percentile': 1, 'word_level_threshold': False, 'score_path': 'rusemshift-train'}","{'weighting': 'lin', 'seed': 90}"
0.263923445797762,"{'binarize': True, 'percentile': 1, 'word_level_threshold': False, 'score_path': 'rusemshift-train'}","{'weighting': 'log', 'seed': 90}"
0.23444863336475022,"{'binarize': True, 'percentile': 1, 'word_level_threshold': False, 'score_path': 'ru-ru'}","{'weighting': 'top', 'seed': 90}"
0.33061196916539176,"{'binarize': True, 'percentile': 1, 'word_level_threshold': False, 'score_path': 'ru-ru'}","{'weighting': 'lin', 'seed': 90}"
0.2761153000314169,"{'binarize': True, 'percentile': 1, 'word_level_threshold': False, 'score_path': 'ru-ru'}","{'weighting': 'log', 'seed': 90}"
0.25,"{'binarize': True, 'percentile': 1, 'word_level_threshold': False, 'score_path': 'en-en'}","{'weighting': 'top', 'seed': 90}"
0.36395265140523864,"{'binarize': True, 'percentile': 1, 'word_level_threshold': False, 'score_path': 'en-en'}","{'weighting': 'lin', 'seed': 90}"
0.2761153000314169,"{'binarize': True, 'percentile': 1, 'word_level_threshold': False, 'score_path': 'en-en'}","{'weighting': 'log', 'seed': 90}"
0.4919029119847047,"{'binarize': True, 'percentile': 2, 'word_level_threshold': False, 'score_path': 'rusemshift-finetune'}","{'weighting': 'top', 'seed': 90}"
0.532457453515108,"{'binarize': True, 'percentile': 2, 'word_level_threshold': False, 'score_path': 'rusemshift-finetune'}","{'weighting': 'lin', 'seed': 90}"
0.5495772923872128,"{'binarize': True, 'percentile': 2, 'word_level_threshold': False, 'score_path': 'rusemshift-finetune'}","{'weighting': 'log', 'seed': 90}"
0.4460391107460094,"{'binarize': True, 'percentile': 2, 'word_level_threshold': False, 'score_path': 'rusemshift-train'}","{'weighting': 'top', 'seed': 90}"
0.461581153633873,"{'binarize': True, 'percentile': 2, 'word_level_threshold': False, 'score_path': 'rusemshift-train'}","{'weighting': 'lin', 'seed': 90}"
0.4716443248987095,"{'binarize': True, 'percentile': 2, 'word_level_threshold': False, 'score_path': 'rusemshift-train'}","{'weighting': 'log', 'seed': 90}"
0.5048735729091779,"{'binarize': True, 'percentile': 2, 'word_level_threshold': False, 'score_path': 'ru-ru'}","{'weighting': 'top', 'seed': 90}"
0.49746615429737323,"{'binarize': True, 'percentile': 2, 'word_level_threshold': False, 'score_path': 'ru-ru'}","{'weighting': 'lin', 'seed': 90}"
0.5042751808773785,"{'binarize': True, 'percentile': 2, 'word_level_threshold': False, 'score_path': 'ru-ru'}","{'weighting': 'log', 'seed': 90}"
0.4168848892500834,"{'binarize': True, 'percentile': 2, 'word_level_threshold': False, 'score_path': 'en-en'}","{'weighting': 'top', 'seed': 90}"
0.4845613409581766,"{'binarize': True, 'percentile': 2, 'word_level_threshold': False, 'score_path': 'en-en'}","{'weighting': 'lin', 'seed': 90}"
0.5092447937104282,"{'binarize': True, 'percentile': 2, 'word_level_threshold': False, 'score_path': 'en-en'}","{'weighting': 'log', 'seed': 90}"
0.6792956310121999,"{'binarize': True, 'percentile': 3, 'word_level_threshold': False, 'score_path': 'rusemshift-finetune'}","{'weighting': 'top', 'seed': 90}"
0.6789277777556837,"{'binarize': True, 'percentile': 3, 'word_level_threshold': False, 'score_path': 'rusemshift-finetune'}","{'weighting': 'lin', 'seed': 90}"
0.6524738431865912,"{'binarize': True, 'percentile': 3, 'word_level_threshold': False, 'score_path': 'rusemshift-finetune'}","{'weighting': 'log', 'seed': 90}"
0.5583951353439146,"{'binarize': True, 'percentile': 3, 'word_level_threshold': False, 'score_path': 'rusemshift-train'}","{'weighting': 'top', 'seed': 90}"
0.626805060635124,"{'binarize': True, 'percentile': 3, 'word_level_threshold': False, 'score_path': 'rusemshift-train'}","{'weighting': 'lin', 'seed': 90}"
0.5899405873909888,"{'binarize': True, 'percentile': 3, 'word_level_threshold': False, 'score_path': 'rusemshift-train'}","{'weighting': 'log', 'seed': 90}"
0.6324917601767402,"{'binarize': True, 'percentile': 3, 'word_level_threshold': False, 'score_path': 'ru-ru'}","{'weighting': 'top', 'seed': 90}"
0.658165685921788,"{'binarize': True, 'percentile': 3, 'word_level_threshold': False, 'score_path': 'ru-ru'}","{'weighting': 'lin', 'seed': 90}"
0.6413790818428075,"{'binarize': True, 'percentile': 3, 'word_level_threshold': False, 'score_path': 'ru-ru'}","{'weighting': 'log', 'seed': 90}"
0.6765862878454706,"{'binarize': True, 'percentile': 3, 'word_level_threshold': False, 'score_path': 'en-en'}","{'weighting': 'top', 'seed': 90}"
0.7101448819204067,"{'binarize': True, 'percentile': 3, 'word_level_threshold': False, 'score_path': 'en-en'}","{'weighting': 'lin', 'seed': 90}"
0.6461514670609853,"{'binarize': True, 'percentile': 3, 'word_level_threshold': False, 'score_path': 'en-en'}","{'weighting': 'log', 'seed': 90}"
0.6296155458298142,"{'binarize': True, 'percentile': 4, 'word_level_threshold': False, 'score_path': 'rusemshift-finetune'}","{'weighting': 'top', 'seed': 90}"
0.6459211959204955,"{'binarize': True, 'percentile': 4, 'word_level_threshold': False, 'score_path': 'rusemshift-finetune'}","{'weighting': 'lin', 'seed': 90}"
0.6278391677365099,"{'binarize': True, 'percentile': 4, 'word_level_threshold': False, 'score_path': 'rusemshift-finetune'}","{'weighting': 'log', 'seed': 90}"
0.6446595212980913,"{'binarize': True, 'percentile': 4, 'word_level_threshold': False, 'score_path': 'rusemshift-train'}","{'weighting': 'top', 'seed': 90}"
0.6834687948755894,"{'binarize': True, 'percentile': 4, 'word_level_threshold': False, 'score_path': 'rusemshift-train'}","{'weighting': 'lin', 'seed': 90}"
0.638172116767651,"{'binarize': True, 'percentile': 4, 'word_level_threshold': False, 'score_path': 'rusemshift-train'}","{'weighting': 'log', 'seed': 90}"
0.5967616426608457,"{'binarize': True, 'percentile': 4, 'word_level_threshold': False, 'score_path': 'ru-ru'}","{'weighting': 'top', 'seed': 90}"
0.6336960418208919,"{'binarize': True, 'percentile': 4, 'word_level_threshold': False, 'score_path': 'ru-ru'}","{'weighting': 'lin', 'seed': 90}"
0.6374307754409659,"{'binarize': True, 'percentile': 4, 'word_level_threshold': False, 'score_path': 'ru-ru'}","{'weighting': 'log', 'seed': 90}"
0.7166732085404791,"{'binarize': True, 'percentile': 4, 'word_level_threshold': False, 'score_path': 'en-en'}","{'weighting': 'top', 'seed': 90}"
0.697074943978992,"{'binarize': True, 'percentile': 4, 'word_level_threshold': False, 'score_path': 'en-en'}","{'weighting': 'lin', 'seed': 90}"
0.7189167425644425,"{'binarize': True, 'percentile': 4, 'word_level_threshold': False, 'score_path': 'en-en'}","{'weighting': 'log', 'seed': 90}"
0.60697335408928,"{'binarize': True, 'percentile': 5, 'word_level_threshold': False, 'score_path': 'rusemshift-finetune'}","{'weighting': 'top', 'seed': 90}"
0.5307063727464189,"{'binarize': True, 'percentile': 5, 'word_level_threshold': False, 'score_path': 'rusemshift-finetune'}","{'weighting': 'lin', 'seed': 90}"
0.5709066650452587,"{'binarize': True, 'percentile': 5, 'word_level_threshold': False, 'score_path': 'rusemshift-finetune'}","{'weighting': 'log', 'seed': 90}"
0.6083010286176942,"{'binarize': True, 'percentile': 5, 'word_level_threshold': False, 'score_path': 'rusemshift-train'}","{'weighting': 'top', 'seed': 90}"
0.6388953421842124,"{'binarize': True, 'percentile': 5, 'word_level_threshold': False, 'score_path': 'rusemshift-train'}","{'weighting': 'lin', 'seed': 90}"
0.6234460362656078,"{'binarize': True, 'percentile': 5, 'word_level_threshold': False, 'score_path': 'rusemshift-train'}","{'weighting': 'log', 'seed': 90}"
0.5247857463389326,"{'binarize': True, 'percentile': 5, 'word_level_threshold': False, 'score_path': 'ru-ru'}","{'weighting': 'top', 'seed': 90}"
0.5161531218660439,"{'binarize': True, 'percentile': 5, 'word_level_threshold': False, 'score_path': 'ru-ru'}","{'weighting': 'lin', 'seed': 90}"
0.5171498524849029,"{'binarize': True, 'percentile': 5, 'word_level_threshold': False, 'score_path': 'ru-ru'}","{'weighting': 'log', 'seed': 90}"
0.6447963520651131,"{'binarize': True, 'percentile': 5, 'word_level_threshold': False, 'score_path': 'en-en'}","{'weighting': 'top', 'seed': 90}"
0.6731391496395377,"{'binarize': True, 'percentile': 5, 'word_level_threshold': False, 'score_path': 'en-en'}","{'weighting': 'lin', 'seed': 90}"
0.7173119582183412,"{'binarize': True, 'percentile': 5, 'word_level_threshold': False, 'score_path': 'en-en'}","{'weighting': 'log', 'seed': 90}"
0.5284853777573943,"{'binarize': True, 'percentile': 6, 'word_level_threshold': False, 'score_path': 'rusemshift-finetune'}","{'weighting': 'top', 'seed': 90}"
0.47895845607820475,"{'binarize': True, 'percentile': 6, 'word_level_threshold': False, 'score_path': 'rusemshift-finetune'}","{'weighting': 'lin', 'seed': 90}"
0.4597218235308495,"{'binarize': True, 'percentile': 6, 'word_level_threshold': False, 'score_path': 'rusemshift-finetune'}","{'weighting': 'log', 'seed': 90}"
0.5336501764773944,"{'binarize': True, 'percentile': 6, 'word_level_threshold': False, 'score_path': 'rusemshift-train'}","{'weighting': 'top', 'seed': 90}"
0.45977082888303783,"{'binarize': True, 'percentile': 6, 'word_level_threshold': False, 'score_path': 'rusemshift-train'}","{'weighting': 'lin', 'seed': 90}"
0.5634256893275685,"{'binarize': True, 'percentile': 6, 'word_level_threshold': False, 'score_path': 'rusemshift-train'}","{'weighting': 'log', 'seed': 90}"
0.49677707439711183,"{'binarize': True, 'percentile': 6, 'word_level_threshold': False, 'score_path': 'ru-ru'}","{'weighting': 'top', 'seed': 90}"
0.4093640969732344,"{'binarize': True, 'percentile': 6, 'word_level_threshold': False, 'score_path': 'ru-ru'}","{'weighting': 'lin', 'seed': 90}"
0.4722950244935619,"{'binarize': True, 'percentile': 6, 'word_level_threshold': False, 'score_path': 'ru-ru'}","{'weighting': 'log', 'seed': 90}"
0.533163298310897,"{'binarize': True, 'percentile': 6, 'word_level_threshold': False, 'score_path': 'en-en'}","{'weighting': 'top', 'seed': 90}"
0.5428173341430531,"{'binarize': True, 'percentile': 6, 'word_level_threshold': False, 'score_path': 'en-en'}","{'weighting': 'lin', 'seed': 90}"
0.5975562996099232,"{'binarize': True, 'percentile': 6, 'word_level_threshold': False, 'score_path': 'en-en'}","{'weighting': 'log', 'seed': 90}"
0.4195748619743009,"{'binarize': True, 'percentile': 7, 'word_level_threshold': False, 'score_path': 'rusemshift-finetune'}","{'weighting': 'top', 'seed': 90}"
0.3469999920673956,"{'binarize': True, 'percentile': 7, 'word_level_threshold': False, 'score_path': 'rusemshift-finetune'}","{'weighting': 'lin', 'seed': 90}"
0.38420706689165307,"{'binarize': True, 'percentile': 7, 'word_level_threshold': False, 'score_path': 'rusemshift-finetune'}","{'weighting': 'log', 'seed': 90}"
0.5208853911868357,"{'binarize': True, 'percentile': 7, 'word_level_threshold': False, 'score_path': 'rusemshift-train'}","{'weighting': 'top', 'seed': 90}"
0.40369926574790704,"{'binarize': True, 'percentile': 7, 'word_level_threshold': False, 'score_path': 'rusemshift-train'}","{'weighting': 'lin', 'seed': 90}"
0.4769992516261577,"{'binarize': True, 'percentile': 7, 'word_level_threshold': False, 'score_path': 'rusemshift-train'}","{'weighting': 'log', 'seed': 90}"
0.4540159801885267,"{'binarize': True, 'percentile': 7, 'word_level_threshold': False, 'score_path': 'ru-ru'}","{'weighting': 'top', 'seed': 90}"
0.26124445322234385,"{'binarize': True, 'percentile': 7, 'word_level_threshold': False, 'score_path': 'ru-ru'}","{'weighting': 'lin', 'seed': 90}"
0.4268565628431206,"{'binarize': True, 'percentile': 7, 'word_level_threshold': False, 'score_path': 'ru-ru'}","{'weighting': 'log', 'seed': 90}"
0.5351042469472259,"{'binarize': True, 'percentile': 7, 'word_level_threshold': False, 'score_path': 'en-en'}","{'weighting': 'top', 'seed': 90}"
0.4400259952382135,"{'binarize': True, 'percentile': 7, 'word_level_threshold': False, 'score_path': 'en-en'}","{'weighting': 'lin', 'seed': 90}"
0.4664862316997669,"{'binarize': True, 'percentile': 7, 'word_level_threshold': False, 'score_path': 'en-en'}","{'weighting': 'log', 'seed': 90}"
0.2899693229308126,"{'binarize': True, 'percentile': 8, 'word_level_threshold': False, 'score_path': 'rusemshift-finetune'}","{'weighting': 'top', 'seed': 90}"
0.19213958844140377,"{'binarize': True, 'percentile': 8, 'word_level_threshold': False, 'score_path': 'rusemshift-finetune'}","{'weighting': 'lin', 'seed': 90}"
0.22447097636915816,"{'binarize': True, 'percentile': 8, 'word_level_threshold': False, 'score_path': 'rusemshift-finetune'}","{'weighting': 'log', 'seed': 90}"
0.2988142711375088,"{'binarize': True, 'percentile': 8, 'word_level_threshold': False, 'score_path': 'rusemshift-train'}","{'weighting': 'top', 'seed': 90}"
0.1964347199439981,"{'binarize': True, 'percentile': 8, 'word_level_threshold': False, 'score_path': 'rusemshift-train'}","{'weighting': 'lin', 'seed': 90}"
0.27783299926692356,"{'binarize': True, 'percentile': 8, 'word_level_threshold': False, 'score_path': 'rusemshift-train'}","{'weighting': 'log', 'seed': 90}"
0.2947462105347492,"{'binarize': True, 'percentile': 8, 'word_level_threshold': False, 'score_path': 'ru-ru'}","{'weighting': 'top', 'seed': 90}"
0.15610480838247512,"{'binarize': True, 'percentile': 8, 'word_level_threshold': False, 'score_path': 'ru-ru'}","{'weighting': 'lin', 'seed': 90}"
0.18888993127932965,"{'binarize': True, 'percentile': 8, 'word_level_threshold': False, 'score_path': 'ru-ru'}","{'weighting': 'log', 'seed': 90}"
0.3512870566092318,"{'binarize': True, 'percentile': 8, 'word_level_threshold': False, 'score_path': 'en-en'}","{'weighting': 'top', 'seed': 90}"
0.2650267201338234,"{'binarize': True, 'percentile': 8, 'word_level_threshold': False, 'score_path': 'en-en'}","{'weighting': 'lin', 'seed': 90}"
0.289539631357701,"{'binarize': True, 'percentile': 8, 'word_level_threshold': False, 'score_path': 'en-en'}","{'weighting': 'log', 'seed': 90}"
0.184828444505745,"{'binarize': True, 'percentile': 9, 'word_level_threshold': False, 'score_path': 'rusemshift-finetune'}","{'weighting': 'top', 'seed': 90}"
0.11757710410374844,"{'binarize': True, 'percentile': 9, 'word_level_threshold': False, 'score_path': 'rusemshift-finetune'}","{'weighting': 'lin', 'seed': 90}"
0.12492237455357136,"{'binarize': True, 'percentile': 9, 'word_level_threshold': False, 'score_path': 'rusemshift-finetune'}","{'weighting': 'log', 'seed': 90}"
0.16596279952023266,"{'binarize': True, 'percentile': 9, 'word_level_threshold': False, 'score_path': 'rusemshift-train'}","{'weighting': 'top', 'seed': 90}"
0.12085374463176303,"{'binarize': True, 'percentile': 9, 'word_level_threshold': False, 'score_path': 'rusemshift-train'}","{'weighting': 'lin', 'seed': 90}"
0.15297159849075082,"{'binarize': True, 'percentile': 9, 'word_level_threshold': False, 'score_path': 'rusemshift-train'}","{'weighting': 'log', 'seed': 90}"
0.1387054453365565,"{'binarize': True, 'percentile': 9, 'word_level_threshold': False, 'score_path': 'ru-ru'}","{'weighting': 'top', 'seed': 90}"
0.09030567100496799,"{'binarize': True, 'percentile': 9, 'word_level_threshold': False, 'score_path': 'ru-ru'}","{'weighting': 'lin', 'seed': 90}"
0.09583828401648069,"{'binarize': True, 'percentile': 9, 'word_level_threshold': False, 'score_path': 'ru-ru'}","{'weighting': 'log', 'seed': 90}"
0.2517944224205153,"{'binarize': True, 'percentile': 9, 'word_level_threshold': False, 'score_path': 'en-en'}","{'weighting': 'top', 'seed': 90}"
0.15531941149100603,"{'binarize': True, 'percentile': 9, 'word_level_threshold': False, 'score_path': 'en-en'}","{'weighting': 'lin', 'seed': 90}"
0.19634157033870892,"{'binarize': True, 'percentile': 9, 'word_level_threshold': False, 'score_path': 'en-en'}","{'weighting': 'log', 'seed': 90}"
0.6776172737298709,"{'binarize': False, 'percentile': 0, 'word_level_threshold': False, 'score_path': 'rusemshift-finetune'}","{'weighting': 'top', 'seed': 90}"
0.7172058574852684,"{'binarize': False, 'percentile': 0, 'word_level_threshold': False, 'score_path': 'rusemshift-finetune'}","{'weighting': 'lin', 'seed': 90}"
0.6880409577737227,"{'binarize': False, 'percentile': 0, 'word_level_threshold': False, 'score_path': 'rusemshift-finetune'}","{'weighting': 'log', 'seed': 90}"
0.6321426440541073,"{'binarize': False, 'percentile': 0, 'word_level_threshold': False, 'score_path': 'rusemshift-train'}","{'weighting': 'top', 'seed': 90}"
0.7135504303323792,"{'binarize': False, 'percentile': 0, 'word_level_threshold': False, 'score_path': 'rusemshift-train'}","{'weighting': 'lin', 'seed': 90}"
0.6178230580757053,"{'binarize': False, 'percentile': 0, 'word_level_threshold': False, 'score_path': 'rusemshift-train'}","{'weighting': 'log', 'seed': 90}"
0.6239292746104709,"{'binarize': False, 'percentile': 0, 'word_level_threshold': False, 'score_path': 'ru-ru'}","{'weighting': 'top', 'seed': 90}"
0.7154442320958592,"{'binarize': False, 'percentile': 0, 'word_level_threshold': False, 'score_path': 'ru-ru'}","{'weighting': 'lin', 'seed': 90}"
0.6417302743415924,"{'binarize': False, 'percentile': 0, 'word_level_threshold': False, 'score_path': 'ru-ru'}","{'weighting': 'log', 'seed': 90}"
0.6806940266373714,"{'binarize': False, 'percentile': 0, 'word_level_threshold': False, 'score_path': 'en-en'}","{'weighting': 'top', 'seed': 90}"
0.7678780795031739,"{'binarize': False, 'percentile': 0, 'word_level_threshold': False, 'score_path': 'en-en'}","{'weighting': 'lin', 'seed': 90}"
0.6883576357657865,"{'binarize': False, 'percentile': 0, 'word_level_threshold': False, 'score_path': 'en-en'}","{'weighting': 'log', 'seed': 90}"
0.3500146711005993,"{'binarize': False, 'percentile': 1, 'word_level_threshold': False, 'score_path': 'rusemshift-finetune'}","{'weighting': 'top', 'seed': 90}"
0.43612316240918725,"{'binarize': False, 'percentile': 1, 'word_level_threshold': False, 'score_path': 'rusemshift-finetune'}","{'weighting': 'lin', 'seed': 90}"
0.39655786085146016,"{'binarize': False, 'percentile': 1, 'word_level_threshold': False, 'score_path': 'rusemshift-finetune'}","{'weighting': 'log', 'seed': 90}"
0.317528688375944,"{'binarize': False, 'percentile': 1, 'word_level_threshold': False, 'score_path': 'rusemshift-train'}","{'weighting': 'top', 'seed': 90}"
0.41698600486576726,"{'binarize': False, 'percentile': 1, 'word_level_threshold': False, 'score_path': 'rusemshift-train'}","{'weighting': 'lin', 'seed': 90}"
0.3753193381991006,"{'binarize': False, 'percentile': 1, 'word_level_threshold': False, 'score_path': 'rusemshift-train'}","{'weighting': 'log', 'seed': 90}"
0.2636925705972752,"{'binarize': False, 'percentile': 1, 'word_level_threshold': False, 'score_path': 'ru-ru'}","{'weighting': 'top', 'seed': 90}"
0.41477993023763005,"{'binarize': False, 'percentile': 1, 'word_level_threshold': False, 'score_path': 'ru-ru'}","{'weighting': 'lin', 'seed': 90}"
0.38771049739603086,"{'binarize': False, 'percentile': 1, 'word_level_threshold': False, 'score_path': 'ru-ru'}","{'weighting': 'log', 'seed': 90}"
0.30598862466606896,"{'binarize': False, 'percentile': 1, 'word_level_threshold': False, 'score_path': 'en-en'}","{'weighting': 'top', 'seed': 90}"
0.4486298650480809,"{'binarize': False, 'percentile': 1, 'word_level_threshold': False, 'score_path': 'en-en'}","{'weighting': 'lin', 'seed': 90}"
0.3521593093732241,"{'binarize': False, 'percentile': 1, 'word_level_threshold': False, 'score_path': 'en-en'}","{'weighting': 'log', 'seed': 90}"
0.5072762059603692,"{'binarize': False, 'percentile': 2, 'word_level_threshold': False, 'score_path': 'rusemshift-finetune'}","{'weighting': 'top', 'seed': 90}"
0.5342696188148507,"{'binarize': False, 'percentile': 2, 'word_level_threshold': False, 'score_path': 'rusemshift-finetune'}","{'weighting': 'lin', 'seed': 90}"
0.5427846171580318,"{'binarize': False, 'percentile': 2, 'word_level_threshold': False, 'score_path': 'rusemshift-finetune'}","{'weighting': 'log', 'seed': 90}"
0.42534147341746414,"{'binarize': False, 'percentile': 2, 'word_level_threshold': False, 'score_path': 'rusemshift-train'}","{'weighting': 'top', 'seed': 90}"
0.4874559515086978,"{'binarize': False, 'percentile': 2, 'word_level_threshold': False, 'score_path': 'rusemshift-train'}","{'weighting': 'lin', 'seed': 90}"
0.44865803038147184,"{'binarize': False, 'percentile': 2, 'word_level_threshold': False, 'score_path': 'rusemshift-train'}","{'weighting': 'log', 'seed': 90}"
0.5020714808056803,"{'binarize': False, 'percentile': 2, 'word_level_threshold': False, 'score_path': 'ru-ru'}","{'weighting': 'top', 'seed': 90}"
0.4795615373963778,"{'binarize': False, 'percentile': 2, 'word_level_threshold': False, 'score_path': 'ru-ru'}","{'weighting': 'lin', 'seed': 90}"
0.5063155073296108,"{'binarize': False, 'percentile': 2, 'word_level_threshold': False, 'score_path': 'ru-ru'}","{'weighting': 'log', 'seed': 90}"
0.46018947879559224,"{'binarize': False, 'percentile': 2, 'word_level_threshold': False, 'score_path': 'en-en'}","{'weighting': 'top', 'seed': 90}"
0.49357359430576303,"{'binarize': False, 'percentile': 2, 'word_level_threshold': False, 'score_path': 'en-en'}","{'weighting': 'lin', 'seed': 90}"
0.5005165334258478,"{'binarize': False, 'percentile': 2, 'word_level_threshold': False, 'score_path': 'en-en'}","{'weighting': 'log', 'seed': 90}"
0.6420840067055362,"{'binarize': False, 'percentile': 3, 'word_level_threshold': False, 'score_path': 'rusemshift-finetune'}","{'weighting': 'top', 'seed': 90}"
0.6895748841727777,"{'binarize': False, 'percentile': 3, 'word_level_threshold': False, 'score_path': 'rusemshift-finetune'}","{'weighting': 'lin', 'seed': 90}"
0.6581173678435607,"{'binarize': False, 'percentile': 3, 'word_level_threshold': False, 'score_path': 'rusemshift-finetune'}","{'weighting': 'log', 'seed': 90}"
0.5233661572474434,"{'binarize': False, 'percentile': 3, 'word_level_threshold': False, 'score_path': 'rusemshift-train'}","{'weighting': 'top', 'seed': 90}"
0.6178196583963632,"{'binarize': False, 'percentile': 3, 'word_level_threshold': False, 'score_path': 'rusemshift-train'}","{'weighting': 'lin', 'seed': 90}"
0.5826471373922097,"{'binarize': False, 'percentile': 3, 'word_level_threshold': False, 'score_path': 'rusemshift-train'}","{'weighting': 'log', 'seed': 90}"
0.623578082111686,"{'binarize': False, 'percentile': 3, 'word_level_threshold': False, 'score_path': 'ru-ru'}","{'weighting': 'top', 'seed': 90}"
0.6832117802871375,"{'binarize': False, 'percentile': 3, 'word_level_threshold': False, 'score_path': 'ru-ru'}","{'weighting': 'lin', 'seed': 90}"
0.6413790818428075,"{'binarize': False, 'percentile': 3, 'word_level_threshold': False, 'score_path': 'ru-ru'}","{'weighting': 'log', 'seed': 90}"
0.6390273599707048,"{'binarize': False, 'percentile': 3, 'word_level_threshold': False, 'score_path': 'en-en'}","{'weighting': 'top', 'seed': 90}"
0.7262114128365073,"{'binarize': False, 'percentile': 3, 'word_level_threshold': False, 'score_path': 'en-en'}","{'weighting': 'lin', 'seed': 90}"
0.6230085350376896,"{'binarize': False, 'percentile': 3, 'word_level_threshold': False, 'score_path': 'en-en'}","{'weighting': 'log', 'seed': 90}"
0.639861144173152,"{'binarize': False, 'percentile': 4, 'word_level_threshold': False, 'score_path': 'rusemshift-finetune'}","{'weighting': 'top', 'seed': 90}"
0.5882346360676529,"{'binarize': False, 'percentile': 4, 'word_level_threshold': False, 'score_path': 'rusemshift-finetune'}","{'weighting': 'lin', 'seed': 90}"
0.6576327447384489,"{'binarize': False, 'percentile': 4, 'word_level_threshold': False, 'score_path': 'rusemshift-finetune'}","{'weighting': 'log', 'seed': 90}"
0.6471520794505333,"{'binarize': False, 'percentile': 4, 'word_level_threshold': False, 'score_path': 'rusemshift-train'}","{'weighting': 'top', 'seed': 90}"
0.6559673948741526,"{'binarize': False, 'percentile': 4, 'word_level_threshold': False, 'score_path': 'rusemshift-train'}","{'weighting': 'lin', 'seed': 90}"
0.6798387834343176,"{'binarize': False, 'percentile': 4, 'word_level_threshold': False, 'score_path': 'rusemshift-train'}","{'weighting': 'log', 'seed': 90}"
0.5967616426608457,"{'binarize': False, 'percentile': 4, 'word_level_threshold': False, 'score_path': 'ru-ru'}","{'weighting': 'top', 'seed': 90}"
0.5920293751542253,"{'binarize': False, 'percentile': 4, 'word_level_threshold': False, 'score_path': 'ru-ru'}","{'weighting': 'lin', 'seed': 90}"
0.6790974421076325,"{'binarize': False, 'percentile': 4, 'word_level_threshold': False, 'score_path': 'ru-ru'}","{'weighting': 'log', 'seed': 90}"
0.7191912036450189,"{'binarize': False, 'percentile': 4, 'word_level_threshold': False, 'score_path': 'en-en'}","{'weighting': 'top', 'seed': 90}"
0.7303370321674257,"{'binarize': False, 'percentile': 4, 'word_level_threshold': False, 'score_path': 'en-en'}","{'weighting': 'lin', 'seed': 90}"
0.6772500758977759,"{'binarize': False, 'percentile': 4, 'word_level_threshold': False, 'score_path': 'en-en'}","{'weighting': 'log', 'seed': 90}"
0.5970799334273306,"{'binarize': False, 'percentile': 5, 'word_level_threshold': False, 'score_path': 'rusemshift-finetune'}","{'weighting': 'top', 'seed': 90}"
0.4877220519673757,"{'binarize': False, 'percentile': 5, 'word_level_threshold': False, 'score_path': 'rusemshift-finetune'}","{'weighting': 'lin', 'seed': 90}"
0.5492469592636294,"{'binarize': False, 'percentile': 5, 'word_level_threshold': False, 'score_path': 'rusemshift-finetune'}","{'weighting': 'log', 'seed': 90}"
0.5615302037667994,"{'binarize': False, 'percentile': 5, 'word_level_threshold': False, 'score_path': 'rusemshift-train'}","{'weighting': 'top', 'seed': 90}"
0.6517620807803582,"{'binarize': False, 'percentile': 5, 'word_level_threshold': False, 'score_path': 'rusemshift-train'}","{'weighting': 'lin', 'seed': 90}"
0.617407214408583,"{'binarize': False, 'percentile': 5, 'word_level_threshold': False, 'score_path': 'rusemshift-train'}","{'weighting': 'log', 'seed': 90}"
0.5521852037328457,"{'binarize': False, 'percentile': 5, 'word_level_threshold': False, 'score_path': 'ru-ru'}","{'weighting': 'top', 'seed': 90}"
0.5161531218660439,"{'binarize': False, 'percentile': 5, 'word_level_threshold': False, 'score_path': 'ru-ru'}","{'weighting': 'lin', 'seed': 90}"
0.5171498524849029,"{'binarize': False, 'percentile': 5, 'word_level_threshold': False, 'score_path': 'ru-ru'}","{'weighting': 'log', 'seed': 90}"
0.6473436032462846,"{'binarize': False, 'percentile': 5, 'word_level_threshold': False, 'score_path': 'en-en'}","{'weighting': 'top', 'seed': 90}"
0.6928644149099292,"{'binarize': False, 'percentile': 5, 'word_level_threshold': False, 'score_path': 'en-en'}","{'weighting': 'lin', 'seed': 90}"
0.7173119582183412,"{'binarize': False, 'percentile': 5, 'word_level_threshold': False, 'score_path': 'en-en'}","{'weighting': 'log', 'seed': 90}"
0.518420193222278,"{'binarize': False, 'percentile': 6, 'word_level_threshold': False, 'score_path': 'rusemshift-finetune'}","{'weighting': 'top', 'seed': 90}"
0.4640781626590032,"{'binarize': False, 'percentile': 6, 'word_level_threshold': False, 'score_path': 'rusemshift-finetune'}","{'weighting': 'lin', 'seed': 90}"
0.46795251763583395,"{'binarize': False, 'percentile': 6, 'word_level_threshold': False, 'score_path': 'rusemshift-finetune'}","{'weighting': 'log', 'seed': 90}"
0.5212900097573637,"{'binarize': False, 'percentile': 6, 'word_level_threshold': False, 'score_path': 'rusemshift-train'}","{'weighting': 'top', 'seed': 90}"
0.46440298507392413,"{'binarize': False, 'percentile': 6, 'word_level_threshold': False, 'score_path': 'rusemshift-train'}","{'weighting': 'lin', 'seed': 90}"
0.5640396183963609,"{'binarize': False, 'percentile': 6, 'word_level_threshold': False, 'score_path': 'rusemshift-train'}","{'weighting': 'log', 'seed': 90}"
0.514740216819552,"{'binarize': False, 'percentile': 6, 'word_level_threshold': False, 'score_path': 'ru-ru'}","{'weighting': 'top', 'seed': 90}"
0.4093640969732344,"{'binarize': False, 'percentile': 6, 'word_level_threshold': False, 'score_path': 'ru-ru'}","{'weighting': 'lin', 'seed': 90}"
0.4722950244935619,"{'binarize': False, 'percentile': 6, 'word_level_threshold': False, 'score_path': 'ru-ru'}","{'weighting': 'log', 'seed': 90}"
0.5726852324689787,"{'binarize': False, 'percentile': 6, 'word_level_threshold': False, 'score_path': 'en-en'}","{'weighting': 'top', 'seed': 90}"
0.5438911473338884,"{'binarize': False, 'percentile': 6, 'word_level_threshold': False, 'score_path': 'en-en'}","{'weighting': 'lin', 'seed': 90}"
0.5975562996099232,"{'binarize': False, 'percentile': 6, 'word_level_threshold': False, 'score_path': 'en-en'}","{'weighting': 'log', 'seed': 90}"
0.39386167157214597,"{'binarize': False, 'percentile': 7, 'word_level_threshold': False, 'score_path': 'rusemshift-finetune'}","{'weighting': 'top', 'seed': 90}"
0.3425368569483209,"{'binarize': False, 'percentile': 7, 'word_level_threshold': False, 'score_path': 'rusemshift-finetune'}","{'weighting': 'lin', 'seed': 90}"
0.37850360011503126,"{'binarize': False, 'percentile': 7, 'word_level_threshold': False, 'score_path': 'rusemshift-finetune'}","{'weighting': 'log', 'seed': 90}"
0.45353601621191936,"{'binarize': False, 'percentile': 7, 'word_level_threshold': False, 'score_path': 'rusemshift-train'}","{'weighting': 'top', 'seed': 90}"
0.4049237597015569,"{'binarize': False, 'percentile': 7, 'word_level_threshold': False, 'score_path': 'rusemshift-train'}","{'weighting': 'lin', 'seed': 90}"
0.4678635251772129,"{'binarize': False, 'percentile': 7, 'word_level_threshold': False, 'score_path': 'rusemshift-train'}","{'weighting': 'log', 'seed': 90}"
0.4717062443018087,"{'binarize': False, 'percentile': 7, 'word_level_threshold': False, 'score_path': 'ru-ru'}","{'weighting': 'top', 'seed': 90}"
0.26331062752217044,"{'binarize': False, 'percentile': 7, 'word_level_threshold': False, 'score_path': 'ru-ru'}","{'weighting': 'lin', 'seed': 90}"
0.4256900370326668,"{'binarize': False, 'percentile': 7, 'word_level_threshold': False, 'score_path': 'ru-ru'}","{'weighting': 'log', 'seed': 90}"
0.4800838426624314,"{'binarize': False, 'percentile': 7, 'word_level_threshold': False, 'score_path': 'en-en'}","{'weighting': 'top', 'seed': 90}"
0.4544351323466081,"{'binarize': False, 'percentile': 7, 'word_level_threshold': False, 'score_path': 'en-en'}","{'weighting': 'lin', 'seed': 90}"
0.46491937403924694,"{'binarize': False, 'percentile': 7, 'word_level_threshold': False, 'score_path': 'en-en'}","{'weighting': 'log', 'seed': 90}"
0.24754215790431963,"{'binarize': False, 'percentile': 8, 'word_level_threshold': False, 'score_path': 'rusemshift-finetune'}","{'weighting': 'top', 'seed': 90}"
0.199167535281723,"{'binarize': False, 'percentile': 8, 'word_level_threshold': False, 'score_path': 'rusemshift-finetune'}","{'weighting': 'lin', 'seed': 90}"
0.23156624259222802,"{'binarize': False, 'percentile': 8, 'word_level_threshold': False, 'score_path': 'rusemshift-finetune'}","{'weighting': 'log', 'seed': 90}"
0.28379854444110875,"{'binarize': False, 'percentile': 8, 'word_level_threshold': False, 'score_path': 'rusemshift-train'}","{'weighting': 'top', 'seed': 90}"
0.20715396798727984,"{'binarize': False, 'percentile': 8, 'word_level_threshold': False, 'score_path': 'rusemshift-train'}","{'weighting': 'lin', 'seed': 90}"
0.27730701347454406,"{'binarize': False, 'percentile': 8, 'word_level_threshold': False, 'score_path': 'rusemshift-train'}","{'weighting': 'log', 'seed': 90}"
0.2808991821222652,"{'binarize': False, 'percentile': 8, 'word_level_threshold': False, 'score_path': 'ru-ru'}","{'weighting': 'top', 'seed': 90}"
0.16040109323642135,"{'binarize': False, 'percentile': 8, 'word_level_threshold': False, 'score_path': 'ru-ru'}","{'weighting': 'lin', 'seed': 90}"
0.20040271149491684,"{'binarize': False, 'percentile': 8, 'word_level_threshold': False, 'score_path': 'ru-ru'}","{'weighting': 'log', 'seed': 90}"
0.30302304634871136,"{'binarize': False, 'percentile': 8, 'word_level_threshold': False, 'score_path': 'en-en'}","{'weighting': 'top', 'seed': 90}"
0.2613473257563166,"{'binarize': False, 'percentile': 8, 'word_level_threshold': False, 'score_path': 'en-en'}","{'weighting': 'lin', 'seed': 90}"
0.3113237813438606,"{'binarize': False, 'percentile': 8, 'word_level_threshold': False, 'score_path': 'en-en'}","{'weighting': 'log', 'seed': 90}"
0.1515031694976023,"{'binarize': False, 'percentile': 9, 'word_level_threshold': False, 'score_path': 'rusemshift-finetune'}","{'weighting': 'top', 'seed': 90}"
0.11496117843425006,"{'binarize': False, 'percentile': 9, 'word_level_threshold': False, 'score_path': 'rusemshift-finetune'}","{'weighting': 'lin', 'seed': 90}"
0.12492237455357136,"{'binarize': False, 'percentile': 9, 'word_level_threshold': False, 'score_path': 'rusemshift-finetune'}","{'weighting': 'log', 'seed': 90}"
0.1603956202380719,"{'binarize': False, 'percentile': 9, 'word_level_threshold': False, 'score_path': 'rusemshift-train'}","{'weighting': 'top', 'seed': 90}"
0.11986435187503344,"{'binarize': False, 'percentile': 9, 'word_level_threshold': False, 'score_path': 'rusemshift-train'}","{'weighting': 'lin', 'seed': 90}"
0.1482411377032581,"{'binarize': False, 'percentile': 9, 'word_level_threshold': False, 'score_path': 'rusemshift-train'}","{'weighting': 'log', 'seed': 90}"
0.12262520847504829,"{'binarize': False, 'percentile': 9, 'word_level_threshold': False, 'score_path': 'ru-ru'}","{'weighting': 'top', 'seed': 90}"
0.08889480966608979,"{'binarize': False, 'percentile': 9, 'word_level_threshold': False, 'score_path': 'ru-ru'}","{'weighting': 'lin', 'seed': 90}"
0.09509469202977784,"{'binarize': False, 'percentile': 9, 'word_level_threshold': False, 'score_path': 'ru-ru'}","{'weighting': 'log', 'seed': 90}"
0.2417271948742206,"{'binarize': False, 'percentile': 9, 'word_level_threshold': False, 'score_path': 'en-en'}","{'weighting': 'top', 'seed': 90}"
0.1610496281449727,"{'binarize': False, 'percentile': 9, 'word_level_threshold': False, 'score_path': 'en-en'}","{'weighting': 'lin', 'seed': 90}"
0.18745287383952391,"{'binarize': False, 'percentile': 9, 'word_level_threshold': False, 'score_path': 'en-en'}","{'weighting': 'log', 'seed': 90}"
