context_id	word	gold_sense_id	positions	context	grouping
25	Abgesang	0	3-11	"Im Abgesang hieß es u. a.: *, Ja, wir hatten viel zu bieten — alte Hüte, Requisiten..."""	2
26	Abgesang	1	52-60	War das gestern im Saalbau Friedrichshain schon der Abgesang auf den VEB HO-Gaststätten Berlin?	2
27	Abgesang	1	211-219	Das ist als literaturgeschichtliche Perlodisierung sicher richtig, enthebt uns indessen nicht der Verpflichtung, auch das erstaunliche Kunstschaffen des achten Lebensjahrzehnts, das mehr ist als nur Anhang oder Abgesang, zu würdigen, ohne die Verstrickungen des Greises in das Zeitgeschehen zu übersehen.	2
28	Abgesang	0	78-86	8. Riemenwerk der Zugtiere,' 9. der auf die Strophe und Gegenstrophe folgende Abgesang, 11. Streitmacht, 13. nordostfranzosische Textilindustriestadt.	2
29	Abgesang	1	28-36	"Noch keine Woche nach ihrem Abgesang „AllerLetztes aus der DaDaeR"" stellten sich Hans-Ek-■ ktuüt Wenzel und Steffen Mensching in der Akademie der Künste, gepusht von der Buschfunk-Produktion, auf die neuen politischen Tat-Sachen um und ein. -Hundekomödie"" nennen sie ihren „neuen Clownsabend"":"	2
30	Abgesang	1	61-69	Die Spatzen von den benachbarten Häusern stimmen bereits den Abgesang an, im Glauben, der Film liege in den letzten Zügen.	2
31	Abgesang	1	169-177	Hebbels Werk, die Tragödie des Lydier-Königs Kandaules. entstanden 1853/54 wenige Jahre nach der gescheiterten bürgerlichen Revolution von 1848, scheint em resignativer Abgesang zu sein.	2
32	Abgesang	1	19-27	"Jetzt erklingt der Abgesang -in den „Weinberg"" soll ein Reisebüro einziehen."	2
33	Abgesang	1	23-31	Union vollzieht seinen Abgesang an der Alten Försterei gegen den 1. FCM. Seit Gründung des Klubs 1966 ist Union damit zum fünften Male abgestiegen.	2
59	Armenhaus	1	138-147	Ein solches bundesdeutsches Amt böte auch die Gewähr daß die Belastungen des sowjetischen Truppenabzuges nicht auch noch dem ostdeutschen Armenhaus allein aufgebürdet werden.	2
60	Armenhaus	1	58-69	"Damals war die Landschaft um den Pudget-Sund zu einem der Armenhäuser der Vereinigten Staaten geworden, und der Satz „Wenn Boeing hustet, bekommt Seattle die Grippe"", machte die"	2
61	Armenhaus	1	56-65	"Von den acht Millionen Schweden leben in Norrland, dem „Armenhaus"" Schwedens. nur etwa 14 Prozent."	2
62	Armenhaus	1	229-238	"Der. Parfümarchipel"", der mit seinen Korallenriffen und seiner üppigen Natur als Paradies gepriesen wird, ist in Wirklichkeit durch jahrhundertelange ausländische Ausbeutung und einheimische feudalistische Unterdrückung zu einem Armenhaus geworden."	2
63	Armenhaus	1	39-48	In der BRD alles paletti, DDR wird zum Armenhaus	2
64	Armenhaus	1	118-127	Die Einwohner des um seine Existenz kämpfenden Rheinhausen begrüßten die rund 4000 Demonstranten mit dem Transparent „Armenhaus Rheinhausen — nein.	2
65	Armenhaus	0	121-132	Mit jedem seiner nun in rascher Folge erscheinenden großen Romane griff er ein besonderes soziales Dbel seiner Zeit auf, Armenhäuser, Gerichtsbarkeit, Schulwesen.	2
66	Armenhaus	1	112-121	Zwei Jahre faschistische Diktatur haben das einst aufblühende Chile in ein riesiges Konzentrationslager, in ein Armenhaus Lateinamerikas verwandelt.	2
67	Armenhaus	1	29-38	"Schleswig-Holstein, oft als „Armenhaus"" Westdeutschlands bezeichnet, wird gegenwartig vom Kriegsministerium und vom NATO-Stab zur Aggressionsbasis Nr. 1 ausgebaut."	2
68	Armenhaus	1	42-51	"Ohne umfangreiche Unterstützung wäre das „Armenhaus"" Europas, wie man Portugal nennt (niedrigstes Pro-Kopf-Einkommen Europas, 40 Prozent Analphabeten), überhaupt nicht in der Lage, den afrikanischen Terrorfeldzug zu führen."	2
69	Armenhaus	1	124-133	"Über die ganze Breite der Straßen waren Transparente zu lesen: „Schluß mit den Zechenstilllesungen..Gelsenkirchen darf kein Armenhaus werden „wir wollen in unseren Wohnungen bleiben „Wir wollen keine Hilfsarbeiter werden"""	2
70	Armenhaus	1	31-40	Die Karibik-Insel gilt als das Armenhaus der westlichen Hemisphäre.	2
71	Armenhaus	0	117-126	Schon der Großmutter von Max Müller war nach des Lebens Mühen kein ruhiger Feierabend vergönnt gewesen; Ihr Los hieß Armenhaus.	2
72	Armenhaus	1	10-19	Aus einem Armenhaus Europas ist eine blühende sozialistische Republik geworden.	2
73	Armenhaus	1	76-85	Durch Protestaktionen wollten die Kalikumpel verhindern, daß die Region zum Armenhaus wird.	2
74	Armenhaus	1	180-189	"Hielten diese hohen Auswanderungsquoten an, so wurde dieser Tage auf einem Kolloquium am Berliner Institut für Sozialwissenschaftliche Studien gewarnt, könnte „Ostelbien"" zu einem Armenhaus Deutschlands werden."	2
75	Armenhaus	1	15-24	"Im. nationalen Armenhaus"" der Türkei ist die Kindersterblichkeit sehr hoch, in weiten Teilen der Region gibt es kein fließendes Wasser in den Behausungen."	2
76	Armenhaus	1	66-78	„Unbestritten gehörte im kapitalistischen Deutschland Suhl zu den Armenhäusern.	2
77	Armenhaus	1	142-151	"Mit jährlich einer Milliarde Pfund Sterling von allen „Entwicklungsgebieten"" am stärksten subventioniert verkörpert Nordirland gleichwohl das Armenhaus des Vereinigten Königreichs."	2
78	Armenhaus	1	162-171	Mißwirtschaft und stänrlispr Aderlaß führten dann auch folgerichtig zur Katastrophe, brachten Portugal den vom internationalen Kapital zvnisch gebrauchten Namen „Armenhaus Europas ein.	2
79	Armenhaus	1	60-69	Helmut Nüchter übertreibt nicht, wenn er das Kalirevier zum Armenhaus Deutschlands verkommen sieht.	2
80	Armenhaus	0	52-61	Am 28. März dieses Jahres starb Jim Thorpe in einem Armenhaus in Los Angeles im Alter von 64 Jahren	2
94	Dynamik	1	159-166	In Verwirklichung der Beschlüsse der 7. Tagung des Zentralkomitees gelte es, die Intensivierung der Volkswirtschaft umfassend zu vertiefen, um die ökonomische Dynamik und die wirtschaftliche Leistungskraft unserer Republik weiter auszubauen.	2
95	Dynamik	1	63-70	Die Großzügigkeit und Kühnheit im Zugriff auf Wirklichkeit die Dynamik und Freiheit seiner Gestaltungen werden als ein Ausdruck der optimistischen Weltsicht der unmißverständlich bekundeten Zukunftsgewißheit dieses Künstlers und Kommunisten empfunden.	2
96	Dynamik	1	69-76	Es kann für uns keinen Zweifel daran geben, daß die außerordentliche Dynamik dieser Entwicklung, deren positive Auswirkungen auf das Leben unserer Völker mit jedem Tag stärker werden, vor allem dem einigen Vorgehen der kommunistischen und Arbeiterparteien zuzuschreiben ist, die ihren Kampf und ihre Politik auf die wissenschaftlichen und wahrhaft revolutionären Erkenntnisse des Marxismus-Leninismus begründen.	2
97	Dynamik	1	90-97	Die Beschlüsse des VI. Parteitaaes der PVAP dienen dem Ziel, dieser Entwicklung noch mehr Dynamik zu verleihen.	2
98	Dynamik	1	49-56	In einer Entwicklung « --Phase von so gewaltiger Dynamik kommt es für einen Industriestaat vom Hange der Deutschen Demokratischen Republik entscheidend darauf an, daß alle bestehenden Möglichkeiten ausgeschöpft werden, um dem Neuen, dort wo es sich wirtschaftlich lohnt, schnell zum Durchbrach zu verhelfen.	2
99	Dynamik	1	131-138	Der 1. Sekretär der SED-Bezirksleitung, Hans Modrow, informierte die Gäste über die Verantwortung des Elbebezirkes für die weitere Dynamik des Leistungszuwachses in der DDR-Volkswirtschaft.	2
100	Dynamik	0	40-47	Im zweiten Teile seines Werkes über die Dynamik findet sich weiter die erstaunliche Erkenntnis, daß die Wärmen (wir sagen heute Temperaturen) im umgekehrten Verhältnis zu den Dichten der Luft stehen.	2
101	Dynamik	1	0-7	Dynamik gewonnen ' haben, die einen Abschluß noch in diesem Jahr erhoffen läßt.	2
102	Dynamik	1	39-46	Er unterstrich, daß sich dde von hoher Dynamik und Effektivität gekennzeichnete volkswirtschaftliche Entwicklung der DDR auch 1986 fortsetzen ward.	2
103	Dynamik	1	103-110	Die wirtschaftliche Entwicklung der DDR werde in diesem Jahr „im allgemeinen von Kontinuität und hoher Dynamik gekennzeichnet*, schreibt das Blatt.	2
104	Dynamik	1	38-45	Deren militante exportwirtschaftliche Dynamik hat die Konkurrenz Im letzten Jahrzehnt das Fürchten gelehrt.	2
105	Dynamik	1	212-219	"„In diesem Zusammenhang mochte ich betonen, daß wir die Festigung der Zusammenarbeit mit den befreundeten Staaten in Ihrer Region als notwendig erachten und daß es unser Ziel ist, dieser Zusammenarbeit eine neue Dynamik zu verleihen"", sagte er weiter."	2
106	Dynamik	1	106-113	Die Grenzen des bisherigen Entwicklungsweges müssen durchstoßen werden, damit der Sozialismus eine höhere Dynamik und dadurch auch eine größere Stabilität erlangt, damit er sein ganzes Triebkraftpotential entfalten kann.	2
107	Dynamik	1	92-99	"ANGOLA Die Zeitung „Diario de Luanda"" hebt die Worte Erich Honeckers hervor, Stabilität und Dynamik des sozialistischen Weltsystems bestimmten in engem Zusammenwirken mit der internationalen Arbeiterbewegung und der nationalen Befreiungsbewegung immer mehr den Gang der Dinge iii der Welt."	2
108	Dynamik	1	66-73	Geprägt von dem Bewußtsein, daß politische Stabilität ökonomische Dynamik und kontinuierliche Fortsetzung der Einheit von Wirtschaft »-und Sozialpolitik von entscheidender Bedeutung für den Beitrag unseres Landes zur Sicherung des Friedens sind, wollen sie im 35. Jahr des Bestehens der DDR-die bisher größten Leistungen erreichen.	2
109	Dynamik	1	62-69	Die DDR verfügt über alle Potenzen, um auch künftig eine hohe Dynamik der gesellschaftlichen Entwicklung zu gewährleisten und die Anforderungen unserer Zeit erfolgreich im Interesse und zum Wohle der Menschen zu bewältigen.	2
110	Dynamik	1	156-163	Günter Mittag, Mitglied des Politbüros und Sekretär des Zentralkomitees der SED, weist nach, daß in unserer Republik die sozialistische Planwirtschaft ihre Dynamik auch unter veränderten Bedingungen beweist, weil die marxistisch-leninistische Partei in der Wirtschaftspolitik ihre führende Rolle auf der Grundlage einer richtigen Gesellschaftsstrategie konsequent verwirklicht	2
111	Dynamik	1	61-68	„Sie hat auf die anderen Künste vor allem gewirkt durch ihre Dynamik, eine Vielzahl schöpferischer Ideen und hohe technische Qualität.	2
129	Eintagsfliege	0	170-184	Zwischen Wachen und Träumen erlebt ein Landstreicher (Ladislav Pesek bestätigte in dieser Rolle seine Meisterschaft) bei Schmetterlingen und Mistkäfern, Raubinsekten und Eintagsfliegen, Grillen und Ameisen allzumensch -	2
130	Eintagsfliege	1	294-308	Die „Spree-Athener '' rutt man sie. die Kollegen des Mähdrescherikamplexes E 512 vom VEG Albertshof Ihr Quartett hai diesen Namen für hervorragend Ernteleistungen im Vorjahr verliehen bekommen in der Senduna..7 bis 10: Sonntagmorgen in Spree-Atihen ' \ Brigadier Petei Pohls kst kein Mann, der Eintagsfliegen liebt, sich auf Lorbeeren etwa ausruht.	2
131	Eintagsfliege	1	65-79	"In der Geschichte der Straßen-Weltmeisterschaften hat es viele.. Eintagsfliegen""' gegeben."	2
132	Eintagsfliege	1	65-78	Dieser Lauftreff soll weder für uns noch für die Teilnehmer eine Eintagsfliege bleiben.	2
133	Eintagsfliege	0	22-35	Vom Hochzeitsta z der Eintagsfliege, von neugierigen Pavia nen und der Wunderweh der Korallen.	2
134	Eintagsfliege	1	58-72	Nicht wenige Werke unserer zeitgenössischen Dramatik sind Eintagsfliegen geblieben, da ihnen ein Minimum an künstlerischer Aussagekraft fehlte.	2
135	Eintagsfliege	1	64-77	"Das „Laager Quartett"" soll, was die Aufführung anbelangt, keine Eintagsfliege sein."	2
136	Eintagsfliege	1	103-116	"Andererseits brennen die Spieler naturlich darauf zu beweisen daß die hohe Schlappe beim FC Hansa eine Eintagsfliege war. V.'onn das „Nervenkostüm"" des BFC in Ordnung ist, dann wird er den Überi aschungs -Tabellenführer Zwick-rj Eewiß auch voll fordern Viel wird vom Abschneiden der Berliner abhangen, ob sie die Kr< Mse des Kontrahenten bereits frühzeitig stören können."	2
137	Eintagsfliege	1	109-122	setzten wir Prämien für die Übererfüllung der Tagesnorm aus Das wirkte Wunder Aber die ganze Aktion wai eine Eintagsfliege	2
138	Eintagsfliege	1	53-66	Die Initiative zur Substitution von Heizöl ist keine Eintagsfliege in Meißen.	2
139	Eintagsfliege	0	30-43	Gemächlich verspeiste sie die Eintagsfliege weiter. ohne sich um den Gelbrandkäfer zu kümmern.	2
140	Eintagsfliege	1	22-36	„Es geht uns nicht um Eintagsfliegen, sondern darum, Weichen für den künftigen Leistungszuwachs zu stellen.	2
141	Eintagsfliege	1	30-43	Mit diesem Einsatz, der keine Eintagsfliege sein soll. — schon im letzten Jahr wurde über den Fleiß dieser Hausgemeinschaft berichtet konnte ein Teil des Vertrages, den die Hausgemeinschaftsleitung mit dem Gartenamt abgeschlossen hat, sehr gut realisiert werden.	2
142	Eintagsfliege	1	27-40	"daß dieses Ergebnis keine „Eintagsfliege"" bleiben wird."	2
143	Eintagsfliege	1	289-302	im SpineUenfelder Ernst-Grube-Stadion trafen sich Hunderte Mitarbeiter der Verlage und Druckereien unserer Hauptstadt zu Ihrem alljährlichen traditionellen Betriebssportfest Der Direktor des Berliner Verlages, Rudolf Barbarino, sprach die Hoffnung aus, daß die sportliche Betätigung keine Eintagsfliege sein werde.	2
144	Eintagsfliege	1	66-80	Zusammenkünfte, wie wir sie eingangs erwähnten, sind längst keine Eintagsfliegen mehr.	2
145	Eintagsfliege	1	14-27	Ist das eine „Eintagsfliege Ist Ihnen in der Halle, in der Sie zumeist einkaufen, dergleichen noch nicht aufgefallen?	2
146	Eintagsfliege	1	79-93	"„Das bietet uns gleichzeitig die Gewähr, daß die angestrebten Bestwerte keine. Eintagsfliegen ' bleiben und' das älteste Viertel Berlins zur 750-Jahr-Feier in neuem Glanz erstrahlt"", sagte Reiner Rittel, Jugendbrigadier einer Maurerbrigade."	2
147	Eintagsfliege	1	81-94	Nur ein Narr kann heute das sozialistische Deutschland noch für eine historische Eintagsfliege halten.	2
169	Engpaß	1	175-183	Neben der weiteren vorrangigen Entwicklung der führenden Zweige auf dem Gebiet der Investitionen werden im Jahre 1966 gleichzeitig auch stärker als in den Vorjahren bestimmte Engpässe,	2
170	Engpaß	1	107-113	Fittlngs, Rohre und Armaturen aus Mipolam (hergestellt auf der Basis des Polyvinylchlorids) halfen manchen Engpaß überwinden. Phenoplaste (Verbindungen von Phenolen und Formaldehyd) liefern Preßmassen zu Baustoff und Konstruktionsmaterial und ersetzen mit Papier als Hartpapier oder Hartgewebe im Maschine nbau Gußeisen.	2
171	Engpaß	1	152-161	Betriebsfunk, Betriebszeitung, Vorträge von Fachleuten — alle erklären die notwendigen Schritte und werben um die besten Vorschläge zur Überwindung von Engpässen und Störfaktoren.	2
172	Engpaß	1	86-92	Daß von dieser Seite nicht alle Möglichkeiten ausgeschöpft wurden, damit nirgends ein Engpaß eintritt, ersieht man schon daraus. daß nicht einmal für die diesjährigen Schulabgänger genügend Arbeitskleidung vorhanden war.	2
173	Engpaß	1	67-75	Der Magdeburger Baurrlechanisierungsbetrieb hat sich noch weiterer Engpässe der Baumaterialienindustrie angenommen: der Fertigung von Hohldielen, wie sie für fast alle niedrigen Bauwerke, für den Eigenheimbau sowie bei komplexen Werterhaltungsarbeiten erforderlich sind.	2
174	Engpaß	1	71-77	Die RöhrenherstelluAq ist nach dem Zusammenbruch auch der schwierigste Engpaß der Rundfunkindustrie.	2
175	Engpaß	1	70-78	"Viele Ministerien setzen die Betriebskapazitäten mit Ausrichtung auf „Engpässe"" in der Produktion fest; bei der Berechnung der Kapazitäten werden oft zu niedrige Normen für die Produktivität der Ausrüstung festgesetzt, es werden Arbeitsnormen für die Herstellung von Erzeugnissen ohne Berücksichtigung der fortschrittlichen Technologie und der vollkommneren Methoden der Arbeitsorganisation festgesetzt."	2
176	Engpaß	1	96-104	Es sei selbstverständlich, daß jeder im Betrieb alle Kräfte mobilisiere, um Schwierigkeiten und Engpässe ZU überwinden.	2
177	Engpaß	1	94-102	Natürlich ist Uns dabei bewußt daß sowohl die Baustoff-als auch die Transportfrage erhebliche Engpässe sind.	2
178	Engpaß	1	13-19	Ein weiterer Engpaß, den wir nur mit Mühe Oberwunden haben, war die schlechte Qualität ' unserer Zugkräfte.	2
179	Engpaß	1	88-96	Es fehlt an vielen Dingen bei der BVG; Ersatzteile, Weichenanlagen sind auch jetzt noch Engpässe.	2
180	Engpaß	1	241-247	„Nachdem wir im Bereich Schweißerei, im Emaillierwerk und in der Endmontage in den letzten Jahren in großem Umfang rationalisiert haben, war es im Interesse künftiger hoher Zuwachsraten dringend erforderlich, auch in der Vorfertigung, einem Engpaß im Produktionsablauf, die Durchlaßfähigkeit zu erhöhen.	2
181	Engpaß	1	10-16	Als einen Engpaß der Demontage bezeichnete Minister Nölting das Problem der Verpackung der demontierten Maschinen.	2
182	Engpaß	1	53-59	"Die neue Secura-Kleinregistrierkasse überbrückt den „Engpaß"" in der Beschaffung von hochwertigen Kleinregistrierkassen, damit auch in den Ein-Mann-Verkaufsstellen, Kiosken und im ambulanten Handel eine Kontrolle durch die Registrierkassen erfolgen kann."	2
183	Engpaß	1	86-94	"So wichtig es auch ist, eine gute Organisation des Produktionsprozesses aufzubauen — „Engpässe"" ein für allemal aus der Welt zu schaffen, dazu ist sie nicht in der Lage."	2
184	Engpaß	1	74-82	Wie sonst hätten wir all die schwierigen wirtschaftlichen Probleme lösen, Engpässe überwinden, die wissenschaftlich-technische Revolution zu meistern vermocht!	2
185	Engpaß	1	110-119	Unsere Techniker versuchen immer wieder, neue, moderne Methoden anzuwenden und unsere Republik von bestimmten Engpässen	2
186	Engpaß	1	144-152	Andererseits ist es uns im vergangenen Zeitraum nicht gelungen, eine Reihe von Problemen restlos zu losen und in der Volkswirtschaft vorhandene Engpässe zu beseitigen.	2
187	Engpaß	1	18-24	Um endlich diesen Engpaß zu überwinden, haben die Handwerker des Betriebes nach einer Produktionsbesprechune In zwei Tagen 250 Förderwagen überholt.	2
188	Engpaß	1	106-115	Zehn Jugendfreunde aus dem Direktionsbereich Investitionen erklärten ihre Bereitschaft, an Wochenenden an Engpässen der Prodution bei Sonderschichten mitzuarbeiten.	2
189	Engpaß	1	42-48	Nur eine Analyse dieser Faktoren wird den Engpaß im betrieblichen Reproduktionsprozeß klar erkennen lassen.	2
190	Engpaß	1	7-13	Dieser Engpaß könne nur überwunden werden, wenn in kürzester Frist eme Wasserleitung von der Saale nach Unterwellenborn und im Werk einSO 000 cbm fassendes Wasserreservoir gebaut werden.	2
191	Engpaß	1	45-53	Auf der einen Seite ergeben sich da und dort Engpässe in der Materialversorgung, weil die Baustoffindustrie noch nicht richtig mitmarschiert.	2
192	Engpaß	1	135-143	Lkw, Bau-und Landmaschinen, Pumpstationen, Ziegeleien, Signal-und Sicherungsanlagen, kurzum Erzeugnisse, die bei der Überwindung jener Engpässe keine geringe Rolle spielen	2
214	Fuß	2	57-62	"Ein"" Jahr noch in Kleinfurra, der schmucken Ortschaft zu Füßen der Hainleite, mit der Schule und dem Internat, wo sie lernen und ihre Kulturprogramme proben. auf Christine Steus Nähmaschine farbenprächtige Kostüme für ihre Auftritte nähen, mit den deutschen Lehrlingen der Patenklasse LM llc aus der Schule Sportwettkämpfe-und Quizrunden austragen und wo sie an den Wochenenden.kochen, wie es ihre Mütter ' zu Hause tun."	2
215	Fuß	1	45-48	„Mir wurde geraten, bei dem Wetter lieber zu Fuß zu gehen!	2
216	Fuß	2	81-85	Zhz., Bad, viel Neben-Berg m. IWC, Kü. u. Spk. Wel 3061 läufern des Kaulcasus am Fuße des Berges Maschuk.	2
217	Fuß	1	137-140	Doch bei Schichtschluß verstopfen die vielen Autobusse die Straßen, die zu einer Zeit angelegt wurden, als der Bergmann kilometerweit zu Fuß zur Grube laufen mußte.	2
218	Fuß	3	11-16	selbst mit Füßen getretenen Menschenrechte ein von langer Hand vorbereitetes Trommelfeuer sondersgleichen, schafft ein Klima unsäglicher Wirrnis und verderbenibringenden Mißtrauens.	2
219	Fuß	4	150-153	Wenn wir die Ursachen für die Krise so erklären, dann können wir darauf warten, daß Revisionismus und Opportunismus im Bewußtsein der Menschen festen Fuß fassen.	2
220	Fuß	3	48-53	Die demokratischen Rechte der Bürger wurden mit Füßen getreten.	2
221	Fuß	3	249-254	Die Äußerungen des USA-Präsidenten für eine Minderung der internationalen Spannung seien nicht damit zu vereinbaren, daß amerikanische Militärstützpunkte auf fremdem Territorium bestehenbleiben, daß die USA die souveränen Rechte anderer Staaten mit Füßen treten. daß wildeewordene Politiker der USA unverfroren zu einer offenen und sogar bewaffneten Intervention in die inneren Angelegenheiten Kubas aufrufen.	2
222	Fuß	1	171-174	Aber es blieb ihm auch keine Zeit, darüber zu reflektieren; denn der Mann hinter dem Gitter erstarrte nach diesem Satz in seiner Bewegung, brachte nur langsam den rechten Fuß wieder auf die Erde, machte eine Kehrtwendung auf dem linken Absatz und blickte Frank einige-Sekunden lang forschend an.	2
223	Fuß	2	103-108	"Im Laufe von 35 Jahren wechselte sie neunmal den Standort und wurde erst Mitte des 19. Jahrhunderts zu Füßen des „Götterberges"" endlich heimisch,"	2
224	Fuß	5	3-7	Am Fuße des Sockels leuchten auf Atlas di e goldenen Sterne des Helden der Sowjetunion und des Helden der sozialistischen Arbeit. die Orden und Medaillen, die das Vaterland dem Genossen Stalan verliehen hat.	2
225	Fuß	3	246-251	Aber nicht nur in Washington, auch in Bonn erweist sich, daß die Bonner Regierung bereit ist, für die allgemeine Wiederaufrüstung und evst recht für die Atomrüstung das Selbstbestimmungsrecht des deutschen Volkes hundertfach preiszugeben und mit Füßen zu treten.	2
226	Fuß	1	32-35	Bolcla probiert mit dem rechten Fuß einen neuen, schwarzen Schuh mit flachem Absatz an.	2
227	Fuß	1	262-266	Sie schämte sich sogar des väterlichen Berufes, und hatte in der Schule einmal gelogen, ihr Vater sei in dem Badehaus an der Piischkniskaja Straße angestellt, nehme die Kleider der Kundschaft in Verwahrung und wasche den Leuten für zwei Rubel den Rücken und die Füße.	2
228	Fuß	1	42-47	Er steigt aus der Wanne, tappt auf bloßen Füßen durch die Wohnung, langweilt sich, fühlt sich vernachlässigt, wird hungrig, sucht nach Essen und findet ein halbes Huhn im Kühlschrank.	2
229	Fuß	1	24-28	Gebrechlichkeit, kranke Füße — dös genügte, um dem Tode verfallen zu sein.	2
230	Fuß	3	84-89	Sie erhoben zugleich Anklage gegen das Bonner Regime, das die Rechte der Jugend mit Füßen tritt.	2
231	Fuß	1	39-43	Der Pfad wurde immer schlechter, meine Füße fingen an zu schmerzen, und auch den andern von der Wachgruppe ging es so.	2
232	Fuß	6	88-92	Immerhin hat der für dieses Meisterstück verantwortliche Richter Dr. Schenk schon kalte Füße bekommen.	2
235	Knotenpunkt	0	241-254	Neben bereits auf der Wirtschaftskarte des Landes bekannten Zentren wie Bukarest, Ploiesti, Galati und Constanta entwickelten sich auch Städte wie Pitesti, Gheorghiu Dej, Tirgoviste, um nur einige zu nennen, rasch zu wichtigen industriellen Knotenpunkten.	2
236	Knotenpunkt	0	4-15	Ein Knotenpunkt fürs Umsteigen von einer Nachtlinie auf die andere ist beispielsweise am U-Bahnhof Maedalenenstraße in Lichtenberg, in der Bahnhof-/ Ecke Lindenstraße in Köpenick und in der Berliner/ Ecke Johannes-R. -Becher-Straße in Pankow.	2
237	Knotenpunkt	0	43-54	Sie verbinden zum Beispiel in Jakutien den Knotenpunkt Chandyga an der Straße nach Magadan mit den Buntmetallgruben des Kolyma-Beckens oder Chabarowsk im Fernen Osten mit der Hafenstadt Nikolajewsk am Amur.	2
238	Knotenpunkt	1	70-81	Wir sprechen von dem neuen Stahlwerk in Fürstenberg / Oder, das einen Knotenpunkt der Freundschaft zwischen den Völkern der Sowjetunion, gern polnischen und dem deutschen Volk sein wird.	2
239	Knotenpunkt	0	74-85	Dieses und weitere Privilegien trugen maßgeblich dazu bei, daß Poznan, am Knotenpunkt wichtiger Handelswege gelegen, im Mittelalter ein großes Zentrum des Fernhandels wurde und sein Johannismarkt zu den bekanntesten Europas zählte.	2
240	Knotenpunkt	0	146-157	Die FnrM<omhination Grün-Gelb p.-leichtert den Fahrzeugführern die Entscheidung darüber, ob sie beim Farbzeichenwechsel von Grün auf Gelb vor dem Knotenpunkt anhalten müssen oder ihn noch passieren können.	2
241	Knotenpunkt	0	106-117	Unter den neueren Betrieben ragen in der Hauptstadt Tscheboksary ein Elektroapparatewerk und im Eisenbahn-Knotenpunkt Kanasch ein Waggonreparaturbetrieb hervor.	2
242	Knotenpunkt	0	63-74	Zur Zeit entsteht dafür bei Mukatschewo in der Westukraine ein Knotenpunkt.	2
243	Knotenpunkt	0	31-42	Es ist beabsichtigt, an diesem Knotenpunkt des Krafverkehrs zwischen.	2
244	Knotenpunkt	0	137-148	In den ersten vier Apriltage gelangten allein 40000 Tonnen Eisenerze und Roheisen vom Haup thandelspartner UdSSR über diesen bedeutenden Knotenpunkt der Fre undschaftsmagistrale an die Metallurgiekombinate der Republik.	2
245	Knotenpunkt	0	308-321	So gibt es z. B. ein Projekt zum Einsatz von zwei miteinander gekoppelten Großrechenanlagen im Wertumfang von etwa 20 Millionen VM und Gesamtinvestitionskosten von 140 Millionen Mark zur automatisierten Disposition und Abrechnung des Güterfahrzeugparkes, das über Fernschreibeinnchtungen mit den wichtigsten Knotenpunkten des Bahnnetzes verbunden ist.	2
246	Knotenpunkt	0	58-71	Polizeikräfte gestiefelt und gespornt vor allen wichtigen Knotenpunkten, Bahnhöfen, Ministerien.	2
247	Knotenpunkt	0	28-39	Eine Straßenbrücke über den Knotenpunkt Edisonstraße — 423 Meter lang — wird es künftig ermöglichen, daß die Straßenbahn, die einen gesonderten Gleiskörper erhält, zügiger über die Kreuzung kommt und der Verkehr in alle Richtungen flüssiger rollen kann.	2
248	Knotenpunkt	1	332-343	Diese Werke sind ein Ausdruck dafür, daß mit der estaltung des entwickelten gesellschaftlichen Systems sich auch eine Literatur herausgebilde hat, die sich als Ganzes nunmeh r auf systemeigenen sozialöko omisehen Grundlagen entfaltet, Dieser Übergang der Literatu auf systemeigene sozialistische Gr undlagen ist ein ganz wesentl er Knotenpunkt in der Gesch te unserer sozialistischen deuts hen Nationalliteratur.	2
249	Knotenpunkt	0	187-198	Straßensperrung Wegen Durchführung von Straßenbauarbeiten auf der F96, — Greifswalder Chaussee —, Ortsdurchfahrt Stralsund, wird der Teilabschnitt von km 211,030 Andershof bis km 214,330 Knotenpunkt Werftstraße vom 26. März bis 30. Juni 1973 für den Durchgangsverkehr gesperrt außer für den a) Berufs-und Linienverkehr im öberlandverkehr, b) innerstädtischen Berufs-und Anliegerverkehr.	2
250	Knotenpunkt	0	99-112	Eine Steuerzentrale auf dem Kalvinplatz wertet die Signale von 60 Detektoren an den 16 wichtigsten Knotenpunkten der Innenstadt aus.	2
251	Knotenpunkt	1	97-109	Weil Westberlin unter den Besatzungsregimen der drei Westmachte sich zu einem der gefährlichsten Knotenpunkte und Gefahrenherde der internationalen Spannungen entwickelt hat.	2
252	Knotenpunkt	0	117-128	Das chemische Zentrum wird bei der Gemeinschaftseinrichtung der LPG und GPG in Manschnow gebaut, wo sich bereits ein Knotenpunkt der Eisenbahn befindet.	2
253	Knotenpunkt	1	77-89	Das alles führt zu einer Verstärkung der bestehenden und zum Entstehen neuer Knotenpunkte der imperialistischen Rivalität und der Konflikte, Wodurch das System des Kapitalismus Insgesamt geschwächt wird.	2
254	Knotenpunkt	0	40-53	Bahnhofsgaststätten entstanden an allen Knotenpunkten des Eisenbahnverkehrs, an den Einsatz-, Halte-und Endstationen von D-und Eil-Zügen, In allen weiteren Zentren des Berufsverkehrs, des Erholungsverkehrs und an den Grenzbahnhöfen.	2
255	Knotenpunkt	0	39-52	„sprechenden Verkehrsampeln bald allen Knotenpunkten unserer Stadt eine unentbehrliche Einrichtung sein.	2
279	Manschette	1	113-124	Die ganze Zeit hast du dich zusammen mit der FDJ-Leitung dafür eingesetzt, und nun, da es soweit ist, kriegst du Manschetten.	2
280	Manschette	0	37-48	Am Tatort verlor er den abgebildeten Manschetten knöpf (rechteckiger Stein, Größe 0,8X 1,8 cm, rötlkn-bratm, dunkelbraun-und colddurchzogen, mit gelbem Metall eingefaßt).	2
281	Manschette	0	154-165	Als ich schon einige Jahre in der Lehre war und mithalf, Maschinen zu bauen, kamen mir die Volontäre, die in gebügelten Monteuranzügen, weißen Kragen und Manschetten überall den Arbeitern 'm Wege standen, so lächerlich vor, daß ich mich geschämt hätte, Volontär zu sein.	2
282	Manschette	0	114-124	Drittens aber wußte jeder, daß Leutnant Perl, trotz seines schmalen weißen Kragenrandes und einer fein gestärkten Manschette, ein orthodoxer Jude war, der sich auch an der Front — er verdankte sein E. K. gewissen Monaten am Tivul-Sumpf — unter Entbehrungen unerlaubter Nahrung enthalten hatte.	2
283	Manschette	0	102-112	gut erh.. Gr 50, 370 verk Anfr 41 5fl9 Anz Holzer. männlich Damen-Hemdblusen, weiß, Bw „Ig. Ärmel mit Manschette, mit Kopt 1035 Berlin. Bhf Frankfurter A!ee Gr. 82—53. ab 24.40 1017 Berlin, Ehrenbergstr. 11 (Nähe Warschauer Brücke) Handelswlrtschaftl. 25/1. 80. wünscht Bek als Requisit zu kaufen ge-1 Paar Trauringe, 585er, 6 mm br. 500,-m nett.	2
284	Manschette	0	111-122	"KONTEX-KAUFHAUS ^SOLIDARITÄT"",, KÖPENICK. GRUNSTRASSE 24 Damen-Mäntel aus Streichgarnwolle mit Schalkragen und Manschetten aus-Otterkanin, Gr. 76 — 94... 281,60 Damen-Kostüme au& vStreichgarnwolle mit Lammfell-. kragen 231,10 Pullover, sportlich, aus reiner Wolle, mit Rollkrageneinsatz, in Grau und*Blau, Gr. 46 — 50 -. i. i. 152,65"	2
285	Manschette	0	14-25	Pelzkragen u. Manschetten, 1500,-M, Expertisen vorhanden 5200 db Müh.	2
286	Manschette	1	252-263	Herr Arnold aus Düsseldorf — wir haben; ilk miteinander.; ils uns da am 1. Juli 1941t die Miiiläryouverneurc das Dokument iibei gilben, wonach wir die Möglichkeit h.'ülon. die Bundesrepublik zu begründen, wir haben alle miteinander, auch ich. wirklieh Manschetten davor schabt, einen deutschen Beitrag zur Teilung Deutschlands /u le steiv	2
287	Manschette	2	66-77	Ich habe auf meinem Laubengrundstück eine Pumpe, für die ich neue Manschetten und Scheiben brauche.	2
288	Manschette	0	17-28	Es gibt karierte Manschetten zu einfarbigen Kleidern, es gibt Spitze auf Tuch, Pelz auf Tweed, Perlen auf Seide.	2
289	Manschette	1	16-27	"„Du, Purzel hat Manschetten vor die Leitung."""	2
290	Manschette	2	60-71	Selbst wenn noch kein Fettaustritt sichtbar ist. müssen die Manschetten bei Anzeichen von Porosität umgehend ausgewechselt werden.	2
291	Manschette	0	119-130	Ihr Können als Designerin belegt sie mit einer Kollektion meisterhaft gestalteter Abendtaschen,..., Krawatten, Kragen, Manschetten und Besätze aus Pailetten.	2
292	Manschette	0	68-79	Der Wolle Dtät lit bekannt: den Kadetten traten sie auf mitsamt den Manschetten.	2
293	Manschette	0	195-206	Gerade in unserer heutigen Mode, die bewußt auf alle verspielten Details verzichtet und dadurch oft ein wenig streng wirkt, ergeben sich viele Möglichkeiten, durch Schals, Krawatten, Gürtel oder Manschetten aus Pelz den Stil unserer Garderobe etwas aufzulockern.	2
294	Manschette	1	48-59	"„Wir haben alle miteinander, auch ich, wirklich Manschetten davor gehabt, einen deutschen Beitrag zur Teilung Deutschlands zu leisten."""	2
295	Manschette	0	62-73	Mürrisch und knurrig legt er den Gummikragen ab, « treift die Manschetten zum Ellenbogen.	2
296	Manschette	2	6-17	68000 Manschetten zusätzlich — Ergebnis seiner Überlegungen, seiner Findigkeit und der Bereitschaft, gemeinsam mit seiner älteren Kollegin Johanna Bischoff von der Drei-zur Fünfpressenbedienung überzugehen.	2
297	Manschette	0	51-62	Am Mode-Il link « oben sind es der Einsatz und die Manschetten, an dem Kleid daneben ist es der Kragen mit der Krawatte, die jeweils den Blickpunkt am Modell bilden.	2
317	Mißklang	0	81-89	Auf der gesamten Reise und auf allen Kundgebungen gab es nirgends den geringsten Mißklang.	2
318	Mißklang	0	106-114	oder eine „gemischte Bekanntschaft Ausdruck eines mangelnden Urteilsvermögens seien, das Leid, Unruhe und Mißklang nach sich ziehe.	2
319	Mißklang	0	39-47	Gleich zu Besuchsbeginn hatte es einen Mißklang gegeben: de Gaulle ließ Erhard längere Zeit warten, um ein Gespräch mit CDU-Chef Adenauer zu beenden.	2
320	Mißklang	0	69-77	Im Unterricht ist Deine Lehrerin Dirigent, der dafür sorgt, daß kein Mißklang aufkommt.	2
321	Mißklang	0	77-85	Als er schließlich in tänzerische Bahnen gelenkt wurde, quälte mich bald der Mißklang zwischen dem, was mir als das Ideal von Tanz vorschwebte, und-dem, was als Tanz gelehrt wurde.	2
322	Mißklang	0	112-121	"Daß sich jedoch die eigentlich zur Neutralität verpflichtete österreichische Regierung zur „Obertragung"" dieses Mißklangs hergabi stimmte schon bedenklicher."	2
323	Mißklang	1	187-196	Doch das ist selbstverständlich Zukunftsmusik, deren Akkorde erst in späteren Jahren in voller Harmonie erklingen können, und bis dahin sind viele Proben zu bestehen, bei denen sich noch Mißklänge einstellen können.	2
324	Mißklang	0	193-201	"Wahrend im Washingtoner Kongreß beschlossen wird, daß Kredite nur für „kommunistenfreie"" Regierungen in Europa bewilligt werden, hat es in den franzosisch-sowjetischen Beziehungen einen lauten Mißklang gegeben."	2
325	Mißklang	0	79-87	Diese optimistische Stimmung wurde kurz vor Jahresschluß durch einen häßlichen Mißklang gestört.	2
326	Mißklang	0	122-130	Doch sie gaben ihr Bestes, damit das Passierscheinabkommen zwischen der Regierung der DDR und dem Westberliner Senat ohne Mißklang erfüllt wurde.	2
327	Mißklang	0	182-190	Wie Reuter erfahrt, brachte eine offene Beschwerde der latein-amerikanischen Delegierten gegen die Bevorzugung europäischer Staaten im Anleiheprogramm der Internationalen Bank einen Mißklang in die Vormittagssitzung.	2
328	Mißklang	0	68-76	Das Objektiv versagte und mein Urlaub hätte gewiß mit einem kleinen Mißklang geendet.	2
329	Mißklang	0	43-52	Es ist zu hoffen, daß trotz gelegentlicher Mißklänge und Verstimmungen die Universität Berlin nunmehr in ein ruhiges und ziviles Fahrwasser gelangt.	2
330	Mißklang	0	53-61	Es wäre den Tokioer Spielen zu gönnen, daß ihnen der Mißklang eines solchen Boykotts erspart bliebe.	2
331	Mißklang	0	252-260	Der mitreißende Schwung, die leidenschaftliche Begeisterung der Kumpel für ihr Kombinat, für ihre SDZialistische Stadt, die ergreifende Würde, mit der sie ihre Meinungen vortrugen, machte diese Versammlung, die durch ihre Enthüllungen leicht mit einem Mißklang hätte enden können, zu einem äußert positiven Erlebnis, aus dem jeder Anwesende neue Kraft und neuen Glauben für unser Aufbauwerk mit nach Hause nahm.	2
332	Mißklang	0	21-29	Sieht man von diesem Mißklang ab, so können wir feststellen, daß die diesjährigen Verkaufsausstellungen ein erfreuliches Niveau halten und unser Kunstleben bereichern.	2
333	Mißklang	0	98-107	"Da kommen Liebesaffären ins Bild, der musikalische. Triumph bei der Weltausstellung in Paris, die Mißklänge seiner zweiten Ehe mit der Soubrette Lili, die Scheidung, Luis Rache, als sie in Berlin die Uraufführung der „Nacht in Venedig"" stören ließ, die Rankünen seines Bruders Eduard."	2
350	Ohrwurm	1	149-156	"Auf dem ersten Rang plazierten sich die Roten Gitarren aus der VR Polen mit ihrem Lied „Weißes Boot"", das sicherlich vielen Zuhörern noch lange als „Ohrwurm"" nachgehen wird."	2
351	Ohrwurm	1	154-163	Die Couplets gingen kaum ins Ohr, mitunter kämpften Text und Melodie ziemlich heftig gegeneinander (Komposition und musikalische Leitung: Klaus Feldmann) Ohrwürmer wurden gelegentlich von ganz Berlin gesungen Diesf Gefahr besteht hier nicht	2
352	Ohrwurm	1	1-10	„Ohrwürmer von Johann und Josef Strauß, dirigiert von Carlos Kleiber (Sonntag. 12.15 Uhr.	2
353	Ohrwurm	1	150-157	"Jedenfalls hört man Melodien, die nie die Banalitäten des Librettos der Herren-Haller und Redeamus erreichen, im „Armen Wandergesell"" ihren lyrischen Ohrwurm haben und in dem „Onkel und Tante, ja das sind Verwandte"" ausgesprochen drollig daherkommen."	2
354	Ohrwurm	1	13-22	"„Immergrüne"" Ohrwürmer ertönen, wie George Gershwins „I Got Rhythm"", Duke Ellingtons „Just Squeeze Me"" oder Irving Berlins.. Let Yourself Go""."	2
355	Ohrwurm	1	31-40	"Badinskis Melodien sind keine „Ohrwürmer"", im Gegenteil, er schreibt eine nicht immer sofort verständliche Musik, sondern eine, die der schöpferischen An -"	2
356	Ohrwurm	1	23-30	Auch ohne eigentlichen Ohrwurm, ohne prall hingesetzten Cancan verleugnet der Musiker nie sein Theaterblut.	2
357	Ohrwurm	1	152-159	Einfache, eingängige Melodien erleichtern das Vorhaben, und ein Lied über Suhler Mädchen, die Schmücke oder zwitschernde Vögelein avanciert schnell zum Ohrwurm, dessen Lebensdauer vorerst nicht wichtig ist.	2
358	Ohrwurm	1	93-100	"Als Spitzenreiter rangiert der Italo-Western „Spiel mir das Lied vom Tod"" mit der berühmten „Ohrwurm"" -Musik"	2
359	Ohrwurm	1	167-174	"Man spürt, daß es den Akteuren selber Spaß macht — etwa, wenn Gert Kießling die Hintergründigkeit der Verse vom Hinterhof lied des Lumpensammlers"" auskostet oder beim Ohrwurm „Die Linden entlang, Galopp, Galopp!"" komö -"	2
360	Ohrwurm	1	85-94	Neben Vater Johanns „Sperl-Galopp und Josefs „Plappermäulchen standen ausschließlich Ohrwürmer vom Sohn Johann auf dem Programm.	2
361	Ohrwurm	1	18-27	Werden die Lieder Ohrwürmer, klingelt auch die Kinokasse.	2
362	Ohrwurm	1	45-52	"Leider allerdings fehlt ein ausgesprochener „Ohrwurm"", eine Melodie wenigstens, die rich -"	2
363	Ohrwurm	1	84-91	Manche erklangen im Originalarrangement, andere wurden rhythmisch verjüngt, wie der Ohrwurm über die Caprifischer, den Bisser Kirow zaghaft verrockte.	2
364	Ohrwurm	1	6-13	"Kein „Ohrwurm"" mehr wie etwa die Walzer des „Rosenkavaliers"", keine Dramatik a la „Elektra"", kein Perlmuttglanz wie in „Ariadne"" — dafür Grazie des Parlando, Rossim-Bno, orchestrale Finessen, Humor und weise Selbsterkenntnis."	2
365	Ohrwurm	1	191-198	"Zum Tanz in den Mai wird morgen auch die bekannte Trommelpop-und Flötenrockgruppe „Schelmenquartett (Formation der Sonder-Masse, ausgezeichnet mit der „Kupfernen Saite"" und dem „Emaillierten Ohrwurm auf dem letzten Background-Ausscheid in Klein-Müllm) auf der Festwiese zwischen Blankenfelde und Schildow — rechts der F 96 aufspielen."	2
366	Ohrwurm	1	140-149	"Thomas Natschinskis „JoseHne"" oder „Mokka-Milch-Eisbar"", Horst Krugers „Sieh mal an erweisen sich hier wie. überall, wo sie erklingen, als „Ohrwürmer"", wie es"	2
367	Ohrwurm	1	115-125	Wenn mir seinerzeit beim ersten Hören die Struktur des' musikalischen Materials noch wenig eingängig (im Sinne von Ohrwürmern) erschienen war, so muß ich nach dem zweiten Hören auch hier mein Urteil revidieren:	2
368	Ohrwurm	1	105-112	Rhythmisch und beschwingt ging es weiter mit der Schlasertanzgruppe des VEB Carl Zeiss Jena Einen echten Ohrwurm hatten sich die iungen Leute da ausgewählt. nämlich den S^ hl^fer.. Diese «!	2
391	Rezeption	0	233-242	Der Kulturbund bemühe sich unter Ausnutzung wissenschaftlicher Konferenzen und Untersuchungen, neue Bevolkerungskreise, besonders aus der Arbeiterklasse und aus der jüngeren Generation, für diese Musik zu interessieren und ihnen die Rezeption zu ermöglichen und zu erleichtern.	2
392	Rezeption	1	34-43	Die hübsche Jannie Nielsen an der Rezeption — Panter hätte seine Freude gehabt sagt mit dem freundlichsten Lachein der Welt, ja, sie habe davon gehört, daß der deutsche Dichter vor langen Jahren hier war, vielleicht kann Direktor Olsen.	2
393	Rezeption	0	25-34	Entstehung, Methodik und Rezeption von „Materialismus und Empiriokritizismus.	2
394	Rezeption	0	121-130	Viele Inszenierungen setzten, obwohl zunächst heiß umstritten, Markierungspunkte in der Entwicklung von Theaterkunst und Rezeption.	2
395	Rezeption	0	4-13	Die Rezeption eines Filmes geschieht nun einmal durch das Auge.	2
396	Rezeption	0	70-79	tischen Charakter den Betrachter emotional packt und der gedanklichen Rezeption Möglichkeiten bietet, neue gesellschaftliche Zusammenhänge zu erschließen.	2
397	Rezeption	1	83-92	Geh. Ende AS. Geh.-Ang. erwünscht an 766850 Anz. Hellsucht ab 82 Tatigk im Hotelw, Rezeption o. mann, 1071 Bln., Kuglerstr. Arb.-vers.. auch artfremd. Geh.-Ang. erb. Maurer in ungek.	2
398	Rezeption	0	42-51	Die Aufgabe der Ortsvereinigungen bei der Rezeption des literarischen Erbes ist auch Gegenstand der weiteren Vorträge und Diskussionen der Tagung, die am Sonntag beendet wird.	2
399	Rezeption	0	53-62	Entdeckungen an einem wenig bekannten Gorki, die der Rezeption seiner StücKe hierzulande nicht nur neue Impulse verleihen, sondern auch andere Theater zu ihrer szenischen Stellungnahme auffordern.	2
400	Rezeption	0	276-285	Zum 65. Geburtstag beglückwünscht das Zentralkomitee der SED herzlichst Prof. Dr. Johannes Irmscher, dessen vielfältige publizierte Forschungsergebnisse zu Fragen der Entwicklung der griechischen Literatur, zur Ideologie-und Kulturgeschichte von Byzanz sowie zu Problemen der Rezeption des antiken Erbes in der deutschen Klassik und der Antikerezeption der sozialistischen Geselschaft hohe nationale und internationale Anerkennung fanden.	2
401	Rezeption	0	204-213	Die tatsächlichen revolutionären Veränderungen, das Bündnis der Arbeiterklasse mit der werktätigen Bauernschaft und die demokratische Bodenreform, schufen zugleich eine völlig neuartige Grundlage für die Rezeption Müntzers und seines Vermächtnisses.	2
402	Rezeption	0	28-37	Die Auflösung und damit die Rezeption der Symbole ist also im Grunde Genommen viel einfacher als es zunächst scheint.	2
403	Rezeption	1	231-240	Morgens 8.30 Uhr begrüßte Hoteldirektor Egon Wendorf den 23-jährigen Feinmechaniker Wolf gang Glimm aus den Jenaer Zeisswerken mit seiner Frau Brigitte und Töchterchen Sylvia,. die sich als erste mit einem FDGB-Ferienscheck an der Rezeption meldeten.	2
404	Rezeption	0	303-312	Der Weg zur praktischen Erfüllung dessen, wofür die deutschen Revolutionäre der Vergangenheit gekämpft hatten, die konsequente Orientierung der Kultur-und Bildungspolitik auf eine umfassende Aneignung des humanistischen, revolutionären Erbes schuf in der DDR eine Atmosphäre, die auch die künstlerische Rezeption des Bauernkrieges beflügelte.	2
405	Rezeption	0	330-339	Es beweist sich aber auch, wie zutreffend die in den Thesen getroffene Einschätzung ist daß die Traditionen der frühbürgerlichen Revolution erst mit dem Eintritt der Arbeiterklasse in die politische Bewegung zu neuem Leben erweckt wurden und schließlich die revolutionären Veränderungen nach 1945 eine neuartige Grundlage für die Rezeption Müntzers schufen.	2
406	Rezeption	0	243-252	"Das Moskauer Dramatische Theater am Taganga-Platz, über dessen Aufführung „Der gute Mensch von Sezuan"" Regisseur Juri Ljubimow auf dem Dialog sprach, und eine Reihe anderer Bühnen sozialistischer Länder leisteten wertvolle Beiträge zur Brecht-Rezeption."	2
407	Rezeption	1	20-29	"Die Steinmauern der Rezeption sind hochgezogen, das „stille Postamt"" ist fast fertig, eine Verkaufsstelle wächst, der Berlin-Information-Kiosk steht, der Platz für eine Gaststätte liegt fest, die Sport-und Spielflächen haben bereits eine Kegelbahn."	2
408	Rezeption	0	37-46	Eine wissenschaftliche Konferenz zur Rezeption der russischen und sowjetischen Literatur von 1917 bis ' 1985 begann am Dienstag im Haus der Sowjetischen Wissenschaft und Kultur in Berlin.	2
409	Rezeption	0	83-92	(Ein Manko allerdings war die nahezu völlig fehlende Textverständlichkeit, was der Rezeption des Werkes, besonders bei ungeübten Hörern, entgegenwirkt.)	2
410	Rezeption	0	10-19	"Auch ihre Rezeption ist berücksichtigt, von Logau, Goethe (hier vermißt man die „Venezianischen Epigramme"")."	2
411	Rezeption	0	8-17	Bei der Rezeption von Pioduknonsaeschohen auf dem Theater interessiert ia nicht voi dringlich das Produktionsdetail, sondern der menschliche Hintereiuncl.	2
412	Rezeption	0	77-86	So wird zugleich eine Fülle an Informationen über Werdegang, zeitgenössische Rezeption, Schaffensprobleme und Persönlichkeit der Schriftsteller geboten.	2
413	Rezeption	0	4-13	Die Rezeption Büchners auf den Bühnen der DDR untersuchen Ulrich Kaufmann und Frank Hörnigk.	2
414	Rezeption	1	45-54	Mehrmals am Tage erkundigte sie sich bei der Rezeption nach irgendwelchen Nachrichten für sie, wurde aber ebenso regelmäßig abschlägig beschieden.	2
425	Schmiere	1	204-212	"Ihre hervorragende Begabung als „Komödiantin"" bewies besonders anschaulich Elsa Grube-Deister als schrullige, schußlige Hausangestellte wie als leicht verschnupfte, aber auch versöhnbare „Mutter"" dieser „Schmiere""."	2
426	Schmiere	3	30-38	"Mutter von vier Kindern, die „Schmiere"" stand, erklärte uns:"	2
427	Schmiere	0	47-55	„Der Qualm klebt wie eine schlei-¦ nige, fette Schmiere auf der Haut.	2
428	Schmiere	4	86-94	Er fuhr sich mit der Hand übers Gesicht und merkte nicht, daß dort eine rötlich-graue Schmiere /urückblieb.	2
429	Schmiere	1	9-17	"Von der „Schmiere"" zum Deutschen Theater, eine Karriere ohne Beispiel."	2
430	Schmiere	3	298-306	9.10 Aktuelle Kamera; 10.00 Festveranstaltung zum 40. Jahrestag des Vereinigungsparteitages und anläßlich des Abschlusses des XI. Parteitages der SED; 12.40 WM im Eishockey; 13.50 Wettlauf mit der Zeit; 14.25 Englisch; 14.55 Russisch: 16.50 Medizin nach Noten; 17.00 Nachrichten; 17.45 Einer stand Schmiere, Filmkomödie; 18.10 Verkehrskompaß; 18.15 Alles Trick; 18.40 Blickpunkt: Arbeitsschutz; 18.50 Sandmännchen; 19.00 Elternsprechstunde; 19.25 Wetter; 19.30 Aktuelle Kamera;	2
431	Schmiere	0	85-94	Um eine bessere Qualität der Erzeugnisse zu erreichen, schlage ich außerdem vor, zum Schmieren der Preßformen mit Oxydwachs Spritzpistolen anzuschaffen, die ein gleichmäßiges Auftragen der Flüssigkeit gewährleisten.	2
432	Schmiere	3	37-45	Seit Jahr und Tag standen Polizisten Schmiere, wenn die echten Ganoven Geldschränke knackten und Juweliergeschäfte ausraubten.	2
433	Schmiere	3	106-114	"Der bereits zehnmal Vorbestrafte hatte zu diesen Diebstählen seinen 13 Jahre alten Sohn mitgenommen, der „Schmiere"" stehen und die Beute nach Hause tragen mußte."	2
434	Schmiere	3	172-180	Der 19 jährte Gerhard R. versuchte den Kühlwagen BeTlin 16320 eines auf dem Güterbahnhof Neukölln abgestellten Fletschzuges zu bestehlen, während drei Personen am Bahndamm Schmiere standen.	2
435	Schmiere	1	56-64	Das Publikum des Provinztheaters, um nicht zu sagen der Schmiere.	2
436	Schmiere	5	4-13	Das Schmieren der Frontstadtprominenz in den vergangenen Jahren hat Oberjat und seine Komplicen eine größere Stange Geld gekostet als das jetzt festgelegte Strafmandat.	2
437	Schmiere	3	109-117	Die Polizei greift schließlich nicht ein; well jJie selbst in diesen Fall verwickelt ist, weil sie nicht nur Schmiere stand* sondern aktiv rnit Waffen und Funksprechgeräten die Mörder unterstützte.	2
438	Schmiere	3	34-42	Die Kinder der Portierfrau stehen Schmiere und helfen wohl auch mit.	2
439	Schmiere	3	71-79	Audi Streichhölzer stellte er zur Verfügung, und er hatte auf dem Flur Schmiere gestanden, damit der kleine Klaus un. gestört seine Tat begehen konnte.	2
450	Seminar	2	9-16	"In einem Seminar mit der nationalen Leitung der „Christlichen Arbeitervereinigung Italiens"" wurden spezifische Aspekte des Wirkens der katholischen Kirche für Frieden und soziale Gerechtigkeit diskutiert."	2
451	Seminar	2	4-11	Das Seminar war ein großer Erfahrungsaustausch und bereicherte den gemeinsamen Erkenntnissehatz der Partei.	2
452	Seminar	2	40-48	Immer wieder fragten die Teilnehmer des Seminars nach Einzelheiten der Lage in Deutschland, um in ihrer Heimat darüber berichten zu können.	2
453	Seminar	2	24-33	An den 16 Vorträgen und Seminaren die in jedem Veranstaltungsort durchgeführt wurden, beteiligten sich mehr als 900 USA-Vertreter der Industrie, des Handels, von Banken und der Wissenschaft.	2
454	Seminar	2	7-14	An dem Seminar nahmen mehr als 60 kirchliche Amtsträger und engagierte Laien teil, darunter Vertreter des Bundes der Evangelischen Kirchen in der DDR.	2
455	Seminar	2	110-117	Zyklus: Probleme der Mllitär-Dolitik der SED und der sozialistischen Wehrerziehung Die nächste Veranstaltung (Seminar) findet am Mittwoch, dem 5. Oktober, um 16 Uhr in der Bildungsstätte der SED-Bezirksleitung, Französische Straße 35, statt.	2
456	Seminar	2	125-132	Die mängelhafte Beitragskassierung macht eine generelle Kontrolle der Parteidokumente notwendig, die in Verbindung mit einem Seminar über die Bedeutung des Parteidokuments auf der Grundlage des Statuts durchgeführt werden muß.	2
457	Seminar	2	82-89	"Joachim Pohl, Kontrollbeauftranter im VEB Fleischkombinat Berlin, Propagandist im Seminar „Studium der politischen Ökonomie des Sozialismus"";"	2
458	Seminar	2	11-18	17.30 Uhr: Seminar für Agitationsleiter und Agitationsgruppenleiter im Parteihaus, großer Saal.	2
459	Seminar	2	156-163	Seminar zur Entstehung und Entwicklung der DDR unter der Führung der SED am Dienstag-, dem 17. Mai 1988, von 14.30 bis 17.30 Uhr; für die Zirkelkategorie — Seminar zur politischen Ökonomie des Sozialismus und der ökonomischen Strategie der SED am Mittwoch, dem 18. Mai 1983, von 14.30 bis 17.30 Uhr statt.	2
460	Seminar	2	61-69	Die Kongresse des WGB, seine internationalen Konferenzen und Seminare stehen allen Gewerkschaften offen, auch wenn sie ihm nicht angehören.	2
461	Seminar	2	35-42	Ein internationales Russischlehrer-Seminar auf der italienischen Insel Ponza ging vorige Woche zu Ende.	2
462	Seminar	2	73-81	In Oschersleben hat sich die Nationale Front die Aufgabe gestellt, durch Seminare in den MAS und volkseigenen Gütern die Werktätigen mit dem Inhalt des Weißbuches bekannt zu machen.	2
463	Seminar	2	259-266	Den Ausbau der Zusammenarbeit zwischen dem Weltbund der Demokratischen Jugend (WBDJ) und der Internationalen Union der Sozialistischen Jugend (IUSY) im Kampf für Frieden und sozialen Fortschritt vereinbarten führende Vertreter beider Organisationen auf einem Seminar in Prag.	2
464	Seminar	2	88-96	In den Samarkander Instituten wurden wiederholt von der UNO organisierte internationale Seminare über Karakulzucht durchgeführt Wissenschaftler aus Polen, Jugoslawien, Marokko, Afghanistan,. Pakistan, Indien, Äthiopien, Kenia, Iran, der Türkei und anderen Ländern studierten die von den Mitarbeitern des Institutes ausgearbeiteten Methoden der Aufzucht der Tiere und die Prinzipien ihrer Klassifizierung	2
465	Seminar	2	15-22	In dem auf dem Seminar angenommenen Aktionsprogramm wird es als dringend notwendig hervorgehoben, wirksame Aktionen der UNO, der Bewegung nichtpaktgebundener Staaten, der Arabischen Liga und aller fortschrittlichen Bewegungen für Freiheit und Menschenwürde der Völker im Süden Afrikas in die Wege zu leiten.	2
466	Seminar	2	6-14	Diese Seminare, ehe z. B. durch die Kreisleitung einberufen werden / behandeln em bestimmtes ¦ wichtiges politisches, ¦ wirtschaftliches oder kulturelles Problem, woLei das Studium der Parteiarbeit in den betreffenden Betrieben einen breiten Raum einnehmen muß.	2
467	Seminar	2	65-74	Am Nachmittag des ersten Konferenztages trafen die Teilnehmer in Seminaren zusammen.	2
468	Seminar	2	94-103	Beim Studium aber wird nicht nur gefordert, den Vorlesungsstoff aktiv aufzunehmen, ihn in den Seminaren anzuwenden und zu vertiefen, sondern vor allem im Selbststudium sein Wissen zu erweitern.	2
469	Seminar	2	32-39	Die Teilnehmer die jetzt an dem Seminar für Politökonomie teilnehmen, sind ebenfalls verpflichtet, daran teilzunehmen.	2
480	Sensation	1	26-35	Für eine echte olympische Sensation sorgten gestern Pakistans Hokkeyspieler. als sie Indien, den Abonnementssieger seit seinem erstmaligen Auftreten 1928 in Amsterdam, mit 1:0 bezwangen,.wer allerdings die vorangegangenen Kämpfe der Inder verfolgt hatte, wird kaum überrascht gewesen sein.	2
481	Sensation	1	5-14	Eine Sensation, die jeder Besucher der Weltstadt Berlin gesehen haben mußte, war das orientalische „Cafe Ef! i' \ Ecke Friedrich-und Leipziger Straße, das ein betriebsamer Türke hingezaubert hatte.	2
482	Sensation	1	149-158	Es. gibt neben der üblichen Voltige (Helma Ehlemannj, den gelungenen Pferdedressuren und einem exotischen Potpourri (Herrmann Ullmann) vor allem die Sensation im Löwenkäfig, in den hinein Hano Cimarro seinen Todessprung vollführt, eine doppelt tollkühne Angelegenheit, da die Löwinnen, die tragend sind, alles andere als friedlich gesonnen sind.	2
483	Sensation	1	261-272	"Was die sogenannten sowjetischen Dissidenten betrifft, die in den letzten Jahren in den USA, speziell im Weißen Haus, so viel Aufmerksamkeit finden, so muß das wiederholt werden, was bereits wohlbekannt ist: Diejenigen, die es nach gefälschten antisowjetischen Sensationen gelüstet, können sich auch noch so sehr mühen, das Gewünschte für das Tatsächliche auszugeben und die Dissidenten als eine „innere Opposition"" in der UdSSR darzustellen, sie in den Rang von Schriftstellern und Wissenschaftlern zu erheben, die angeblich wegen ihrer Überzeugungen verfolgt werden: Tatsache bleibt, daß es sich dabei um nichts anderes als um ein Häuf ein ehrloser Menschen handelt, die bereit sind, für dreißig Silberlinge oder noch billiger ihre Heimat zu verraten und sich als Agenten bei westlichen Geheimdiensten zu verdingen."	2
484	Sensation	1	268-277	Das Endergebnis war dann aber doch eindeutig, weil die Berliner, vor allem Harald Kratzer und Rainer Würdig, kaum Verständnis für die Schweizer Absichten aufbringen wollten, Mit 18: 8 schafften sie sich einen Vorsprung von zehn Toren, und es wäre in Zürich schon eine Sensation zu nennen, wenn Dynamo nicht das Halbfinale erreichen würde, Vor über 2000 Zuschauern	2
485	Sensation	1	110-119	Rostokteef Zoologischen Garten hat nach Ihrem legendären Wurf von Siebenlingen im Jahre 1970 für eine erneute Sensation gesorgt.	2
486	Sensation	1	51-60	Polinowski bezeichnete die TASS-Meldung als größte Sensation der letzten Jahre.	2
487	Sensation	1	11-22	Denn nicht Sensationen nimmt die neue Sendereihe ins Visier, sondern die Schönheit des Alltäglichen, ausgedrückt in charakteristischen Begebenheiten.	2
488	Sensation	1	21-30	.. Das ist eme echte Sensation von höchstem wissenschaftlichem Wert.	2
489	Sensation	1	4-13	Die Sensation in der dritten Runde der Berliner Schach-Mannschaftsmeisterschaft brachte die zum großen Teil aus jungen Nachwuchs-^ sPielern bestehende Mannschaft von Union	2
490	Sensation	1	32-41	Hier herrscht die Gier nach der Sensation, man versucht nicht einen Aueenblick Tatmotive zu finden, erklärt nichts, will nichts erklaren.	2
491	Sensation	1	69-78	Zwei Spitzennummern: drei Frank «, Tänzer auf dem Drahtseil und (die Sensation des Programms)	2
492	Sensation	1	32-43	Fernsehen: 10.35 Marktplatz der Sensationen: 11.55 Chilenische Impressionen (2): 15.30 Du und dein Haushalt: 16. 00. Meister des Liedes; 16.30 Ferien mit Pfiff: 17.05 Zu zweit kein Problem; 19.00 Die Umschau: 20.00 Chronik armer Liebesleute, Spielfilm; 21.45 Der schwarze Kanal: 22.09 Heute in Bialystok.	2
493	Sensation	1	9-18	Als eine Sensation und ein neues sicheres Anzeichen für die Isolierung Bo nns wurde am Dienstag in Genf die vorzeitige Veröffe ntlichung eines Memorandums der Bonner Regierung an die Westmächte gewertet.	2
494	Sensation	1	78-89	"Aufgenommen wurden dabei die Vorarbeiten zum zweiten Band des „Marktplatz der Sensationen sowie der geplanten Fortsetzung seiner „Entdeckungen""."	2
495	Sensation	1	107-116	Auch gestern wurde dem begeisterten Publikum und den Lesern der Westpresse wieder — wie angekündigt — eine Sensation serviert, die es in sich hatte.	2
496	Sensation	1	109-118	Die Burger bauten Stadt und Münster wieder auf. neue Industriewerke entstanden, der Reichtum wuchs, doch die Sensation, von der noch die Enkel sprechen würden, blieb aus.	2
497	Sensation	1	60-69	Ingrids Doppelschraubensalto war damals bei den Frauen eine Sensation, doch heute springen viele Mädchen den Schraubensalto bereits mit einer dreifachen Drehung.	2
498	Sensation	1	20-31	So phantastisch und Sensationen diese Hinweise wirken mögen, so ist doch dies alles relativ bescheiden, wenn man daran denkt, was von der Kybernetik ko wird, dieser heute jungen Wissenschaft von den Steuerungs-und Regelungsvorgängen in dynamischen Systemen.	2
499	Sensation	1	87-98	Ehrlicher Wille mag bei der Produktion dieses Streifens geholfen haben, der keineswegs Sensationen bringt.	2
500	Sensation	1	90-101	zum festen Bestandteil des Programms gehört die Retrospektive so manche brachte filmische Sensationen.	2
501	Sensation	1	0-9	Sensation, Halbwahrheiten der 20er, 30er und 40er Jahre, das Abgehen von der	2
502	Sensation	1	29-40	Was das Weltall an optischen Sensationen jedoch der wachsenden Interessentenschar 1977 kamen 60150 Besucher zu 1406 Veranstaltungen — schuldig bleibt, das macht das Sternwarten-Kollektiv doppelt wett; mit interessanten Vorträgen, Filmen, thematischen Veranstaltungen, Führungen.	2
526	Spielball	0	56-65	Wer deshalb erneut gleiches Niveau und die Erfurter als Spielball erwartete, lag zwar im allgemeinen Trend, hatte die Rechnung aber ohne die Grobner-Schutzlinge gemacht.	2
527	Spielball	0	97-106	Die durch die Sowjetarmee befreiten Völker hörten auf, fremdländischen, reaktionären Kräften als Spielball zu dienen.	2
528	Spielball	0	91-100	Er sonnt sich in der Rolle des Drahtziehers, der er zu sein vermeint, und ist doch nur ein Spielball, wenn auch ein zeitweilig unentbehrlicher.	2
529	Spielball	0	103-112	Ihre Erfahrungen haben die Palästinenser gelehrt, daß man politisch aktiv sein muß. wenn man nicht zum Spielball dunkler politischer Kräfte werden will.	2
530	Spielball	0	271-280	„Uns will nicht in den Sinn, unser gesunder Menschenverstand, unser Gefühl wehrt sich dagegen, daß die menschlichen Anliegen von Millionen den hartherzigen Milliardären geopfert werden, die an den Schalthebeln der Macht in Westdeutschland sitzen und uns Westberliner zum Spielball ihrer Politik machen wollen.	2
531	Spielball	0	33-42	Das Volk Zyperns will aber nicht Spielball aggressiver imperialistischer Kräfte sein.	2
532	Spielball	0	117-126	"Genosse Kiefert wies darauf hin, etaß sich zum Beispiel in der-Frage Krieg und Frieden noch immer manche Bürger als „Spielball übergeordneter Kräfte"" fühlen."	2
533	Spielball	0	33-42	Dort angekommen wird er bald zum Spielball übler Gauner aller Schattierungen.	2
534	Spielball	0	66-75	Ein starkes sozialistisches Lager besteht, dessen Teile » niemals Spielball und Schacher » -Objekt sein werden, weil alle diese Völker eines vereint: die Idee des Sozialismus.	2
535	Spielball	0	4-13	Zum Spielball des Gastgebers wurde Wismut in keiner Phase.	2
536	Spielball	0	52-61	Dadurch wird es möglich sein, daß der Balkan, einst Spielball imperialistischer Interessen und Pulverfaß Europas, zu einem Hort des Friedens und der Völkerfreundschaft wird.	2
537	Spielball	0	184-193	Sie warten sehnsüchtig auf die Beendigung der unerträglichen Verkehrskalamität, denken sich ihr Teil und haben nur den einen Wunsch, daß auch die beteiligten Eisenbahner, die sich zum-Spielball fremder Interessen hergaben, die Lehren aus der Affäre ziehen.	2
538	Spielball	0	36-45	"Der „Parlamentarische. Rat"" sei ein Spielball internationaler Interessen gewesen, da er den Weisungen der Westmächte gefolgt sei, einen westdeutschen Sepa-• ratstaat zu errichten."	2
539	Spielball	0	70-80	So sind unsere Wissenschaftler und alle Lernenden keine ohnmächtigen. Spielbälle der Wissensexplosion, sondern entwickeln sich immer mehr zu leistungsfähigen Beherrschern der modernen Wissenschaft, einer der Hauptproduktivkräfte in unserer Zeit.	2
540	Spielball	0	221-230	Die natürliche Tochter (die uneheliche also), die in ihrer Liebe zum König und zum Vater, seines Zeichens Herzog, und durch den Haß des um ein Erbteil geprellten Halbbruders zwischen alle Mühlen der Macht gerät, wird zum Spielball. Hin-und hergerissen wird sie von der Feudalgesellschaft nach unten durchgereicht und schließlich vom Kloster in die Gosse fallen.	2
541	Spielball	0	122-131	Gerade aus der Rolle qekrochen, Objekt einer alles für alle besser wissenden Partei zu sein, ist dieses Volk schon wieder Spielball von Interessen.	2
542	Spielball	0	51-60	Die aber dürfen mit unserem Weg nie und nimmer zum Spielball der. reinen Ökonomie ' werden.	2
543	Spielball	1	117-127	Der Betrieb, der voi allem chirurgische Artikel herstellt, produziert tür das In-und Ausland auch noch Schwimmtiere, Spielbälle aller Größen.	2
544	Spielball	0	84-93	Es sei eine Abaage anf eine Politik, die das Saargebiet weiterhin zum Zankapfel und Spielball imperialistischer Interessen und damit zu einem ständigen Konfliktherd machen.	2
545	Spielball	0	49-58	Während Bourges-Maunoury von der Rechten als ein Spielball benutzt wird, der jederzeit weggeworfen werden kann, lehnt das Volk den Algerien-Mörder überhaupt ab.	2
546	Spielball	0	149-158	"Die Mitarbeiter des Parteikabinetts lesen Lektionen in den verschiedenen Betriebsabteilungen mit Themen wie „Deutschland — ein souveräner Staat oder Spielball der Imperialisten?"" u. a."	2
547	Spielball	0	105-114	Die Dinge komplizieren sich nur dadurch etwas, daß unterdessen der französische Imperialismus selbst zum Spielball und Werkzeug des amerikanischen wurde.	2
548	Spielball	0	156-165	Diesen Normalverbraucher, der zu Unrecht mit dem Normalberliner gleichgesetzt werden soll, möchte man den Mann ohne Eigenschaften nennen, weiches Wachs und Spielball der feindlichen Umwelt, gegen die er sich mangels Energie nicht zur Wehr setzt.	2
567	Titel	0	1-6	(Titel eines im April 1914 geschriebenen Artikels von Lenin über den Bericht Karl Legiens über seine Amerikareise.)	2
568	Titel	0	85-90	in Dokumente und Briefe, blättern in Büchern, von denen wir von vielen höchstens den Titel kennen.	2
569	Titel	0	27-32	"„Ach du fröhliche"" ist der Titel eines neuen DEFA-Films, der am 11. Oktober im „Babylon*^ uraufgeführt wird."	2
570	Titel	0	77-82	"Nach diesen zehn olympischen Tagen beginnt hier eine neue Sendereihe mit dem Titel..10 vor 8"", die Rubriken wie..Entdeckungen bei uns zu Hause""."	2
571	Titel	1	49-54	"Zum 1. Mai wurde die Brigade Fritz Jahns mit dem Titel „Brigade der sozialistischen Arbeit"" geehrt."	2
572	Titel	0	150-155	"Je ein Exemplar einer von einem DDR-Autorenkollektiv verfaßten Darstellung des vietnamesischen Befreiungskampfes in. Geschichte und Gegenwart mit dem Titel „Stärker als die reißenden Flüsse"" wurde am Dienstag in Berlin den Repräsentanten des vietnamesischen Volkes in der DDR ü'berreicht."	2
573	Titel	0	24-29	„DDR-Report 84? ist der Titel einer Fotoausstellung, die gegenwärtig im Prager Kultur-und Informationszentrum der DDR zu sehen ist.	2
574	Titel	0	27-32	lr lieben daa Leben dieser Titel der dem 20. Jahrestag unserer Par-33 tei gewidmeten Kunstausstellung in der Neuen Berliner Galerie berührt die Grundfrage unserer Kunst.	2
595	abbauen	1	102-110	"Zum gleichen Termin wird auch die Ausstellung „ASSO"", Malerei und Plastik, ebenfalls im Alten Museum, abgebaut."	2
596	abbauen	2	108-116	Seit 1981 wurden 16700 Arbeitsplätze neu gestaltet und damit für 2900 Werktätige die Arbeitserschwerr nisse abgebaut.	2
597	abbauen	2	39-47	Kämpft Ihr darum, daß der Revanchismus abgebaut wird und normale Beziehungen zwischen unseren Staaten entstehen, dann brauchen wir auch keine Minen mehr zu legen.	2
598	abbauen	2	203-211	Der BRD-Bundestag verabschiedete am Donnerstag in Bonn einen Gesetzentwurf, mit dem das zu erwartende Defizit in den Kassen der Rentenversicherung in Höhe von über 32 Milliarden DM zu Lasten der Rentner abgebaut werden soll.	2
599	abbauen	2	174-182	Die Realitäten des Nuklearzeitalters veranlaßten real denkende Politiker des Westens, nach Wegen zu suchen, die die wachsenden Gefahren aus dem selbst initiierten Wettrüsten abgebaut werden können.	2
600	abbauen	2	68-76	Bis Ende Juni konnte der Rückstand bis auf etwa eine Viertelmillion abgebaut werden.	2
601	abbauen	2	188-196	Die komplexe Anwendung wird möglich, weil wir uns seit Jahren der Prozeßsteuerung von solchen großen Anlagen intensiv widmen, wissenschaftlichen Vorlauf haben und das Risiko der Anwendung abgebaut haben.	2
602	abbauen	2	101-109	Das war seit 1930 so. als mit Notverordnungen die Rechte und Freiheiten der Werktätigen systematisch abgebaut wurden — im Namen der Demokratie	2
603	abbauen	2	122-131	Wie hier berichtet wurde, mischt Walterscheid im Gegenteil kräftig mit, wenn es darum geht, Arbeitsplätze für Jugendliche abzubauen.	2
604	abbauen	2	192-200	Vor allem aber sieht sich die Großbourgeoisie jedoch mit dem wachsenden Unmut der Werktätigen konfrontiert, die sich nicht länger damit abfinden wallen, daß ihr Lebensstandard Stück für Stück abgebaut wird.	2
605	abbauen	2	138-147	Neue Konzernstrukturen werden genutzt, um bereits errungene Mltbestimmungsrechte der Betriebsräte und der Gewerkschaften auszuhöhlen oder abzubauen.	2
606	abbauen	2	42-50	So müßten noch bestehende Disproportionen abgebaut, die Arbeitsproduktivität erhöht und die Kosten gesenkt werden.	2
607	abbauen	1	96-103	Trotz der oft aufwendigen und anstrengenden Auftritte (Rockgruppen müssen z. B. ständig auf-und abbauen, dazu proben) also allemal ein schöner Urlaub.	2
608	abbauen	2	324-333	Allein 17 neue Industriewerke sind geplant, darunter mehrere Zementwerke, eine Schiffswerft, ein Stahlwerk und vor allem mehrere chemische Unternehmen Nicht zuletzt soll durch die damit verbundene Bereitstellung von etwa 164000 neuen Arbeitsplätzen dazu beigetragen werden, die immer noch vorhandene Arbeitslosigkeit weiter abzubauen.	2
609	abbauen	2	239-248	Eine große, noch nicht erschlossene Re-; serve in der Verbesserung des Berufsverkehrs besteht daher in einer sinnvollen Arbeitszeitstaffelung aller Betriebe in einem Industriegebiet Oft reichen schon wenige Minuten aus, um Verkehrsspitzen abzubauen.	2
610	abbauen	2	74-83	Als wichtigste Aufgabe sieht es Andreotti an, die hohe Staatsverschuldung abzubauen und die Wirtschaft seines Landes auf die Einführung des EG-Binnenmarktes Vorzubereiten.	2
611	abbauen	2	140-149	Nachkontrollen ergaben, daß mit Unterstützung des Kombinates in Jena große Anstrengungen unternommen wurden, um die angestauten Reparaturen abzubauen und die Wartezeiten zu verkürzen.	2
612	abbauen	2	96-104	Das Autoangebot ist von Jahr zu Jahr gewachsen, aber doch nicht so, daß die übergroße Nachfrage abgebaut werden konnte.	2
613	abbauen	2	65-74	"Statt die Hallstein-Doktrin so unauffällig und rasch wie möglich abzubauen, will"" dieser sture Flügel im Bundeskabinett sie verschärfen."	2
614	abbauen	2	104-112	Das im Januar entstandene Minus bei nahtlosen Rohren wurde durch Übererfüllung im Februar um 470 Tonnen abgebaut.	2
623	abdecken	0	175-184	Setzt man in den Kasten noch zwei zwergförmige Nadellgehölze, kann man interessante Vegetationsbilder erzielen, im Winter sollte eine solche Bepflanzung mit Nadelgehölzreisig abgedeckt werden.	2
624	abdecken	2	184-192	Da das Wasserkraftwerk am Euphratdamm nach seiner planmäßigen Fertigstellung allein eine installierte Leistung von 1100 MW aufweisen wird — die den gesamten zu erwartenden Strombedarf abdecken könnte — und zudem ein neues Kraftwerk bei Hama entsteht, betrachtet die staatliche Elektrizitätsgesellschaft Syriens dieses Problem als so gut wie gelöst,	2
625	abdecken	2	197-205	Soweit in der (Renten-, Kranken-, Unfall-und) Arbeitslosenversicherung der Deutschen Demokratischen Republik in einer Übergangszeit die Beitragseinnahmen die Ausgaben für die Leistungen nicht voll abdecken, leistet die Bundesrepublik Deutschland an die Deutsche Demokratische Republik eine vorübergehende Anschubfinanzierung im Rahmen der nach Kapitel V Artikel 3 zugesagten Haushaltshilfe.	2
626	abdecken	3	269-278	So war es zum Beispiel während des zweiten Weltkrieges, als die faschistischen Besatzer auf dem sowjetischen Territortum nicht einfach raubten und mordeten, und zwar in nie dagewesenen Dimensionen, sondern diesen Raub und Mord sorgfältig durch Verordnungen und Gesetze abdeckten.	2
627	abdecken	2	266-276	Die auf Grund der Einführung des Mindesturlaubs von 15 Tagen und der Verkürzung der wöchentlichen Arbeitszeit ausfallenden Stunden sind unverzüglich durch zusätzliche Festlegungen in den TOM-Plänen (Technisch-organisatorische Maßnahmen) termingemäß hundertprozentig abzudecken.	2
628	abdecken	2	113-122	Im Oktober 19. V2 gab es in Kuhlhauscn Großbauern, die noch immer nicht das rückständige Soll aus dem Jahre 1951 abgedeckt hatten.	2
629	abdecken	2	245-254	Obwohl eine Reihe von Maßnahmen zur Zentralisierung ¦ von Steuermitteln. beim Bund und eine erhebliche Erhöhung vor allem bei den Massensteuern ' vorgesehen sind, rechnet man in Bonn mit folgenden Defiziten im Bundeshaushalt, die durch Anleihen abgedeckt werden müßten:?)	2
630	abdecken	2	226-236	Zu Recht konzentriert Ihr Eure Kräfte darauf, die Bedürfnisse des Berufs-, Schüler-und Reiseverkehrs immer besser zu befriedigen und die Transportanforderungen der Volkswirtschaft in zunehmendem Maße zeit-und qualitätsgerecht abzudecken.	2
631	abdecken	2	208-218	Ausgehend von den Bedingungen der Landwirtschaft besteht die Verantwortung der Organe des Bauwesens in erster Linie darin, den Bedarf an Baumaterial, besonders an Betonfertigteilen, im Rahmen des Planes voll abzudecken, während die Organe der Landwirtschaft in wachsendem Umfange ihre Baumaßnahmen mit eigenen Kräften ausführen.	2
632	abdecken	2	72-81	Allein 50 Prozent der gesamten Butterproduktion der MVR wird durch Yaks abgedeckt.	2
633	abdecken	2	89-99	Diese Investition ist auch notwendig, um den beträchtlich gestiegenen Bedarf an Eisenerz abzudecken, der durch die Erweiterung der Kapazität der Hüttenwerke in Katowice entstanden ist.	2
658	abgebrüht	1	74-88	"Das Blatt schreibt, „die Montagsvorstellung im Bundestag mußte selbst die abgebrühtesten Beobachter erschüttern""."	2
659	abgebrüht	1	571-582	"Unter -dem Motto „Eine Hand wäscht die andere krempelte ein unappetitlicher Schwarzmarktjunglinß sein ausgefranstes rechtes Hosenbein hoch und offerierte einem „Kollegen"", dem die Ware ausgegangen war. aus seinen „sauberen"" Socken zwei Camel-Päckchen und vier Schokoladenstreifen, -Sicher ist sicher"", aaste sich der andere Schncllgerichtsaspirant und praktizierte die Sachen, naeh dem Begebenen Beispiel zwischen Strumpf und Unterhose Bezahlte, ohne zu handeln, unter Brüdern mit Rabatt versteht sich, und verdrückte sich mit dein unschuldigsten Gesiehf, wie es nur ein abgebrühter Ganove aufsetzen kann."	2
660	abgebrüht	1	169-180	Bogart gelang dann immer wieder das Kunststück, durch die verschiedenen Charaktere seine Persönlichkeit durchschimmern zu lassen und so die unverwechselbare Figur eines abgebrühten individualistischen Abenteurers zu formen, mit einem Anhauch von Idealismus hinter der rauhen Fassade, ein Philosoph im Trenchcoat.	2
661	abgebrüht	1	18-27	Pickler war gewiß abgebrüht, er riskierte viel, aber so bodenlos frech?	2
662	abgebrüht	1	38-49	Oft nkbt man es. daß die Betrüger mit abgebrühter Frechheit vor den Schranken des Gerichts stehen und höhnisch bi richten, wie sie in Saus und Braus Gelebt haben und in welche dunklen Kanäle der westlichen Schieberwelt sie das, was der fleißige Arbeiter an der Wcrkbink schuf, gebracht haben.	2
663	abgebrüht	1	62-73	Leistung Engels darin, daß eg ihm gelang, die trostlose Herde abgebrühter amerikanischer Flieger bei aller zweckbedingten Gleichförmigkeit aus Individuen bestehen zu lassen.	2
664	abgebrüht	1	97-111	"In der menschlichen Mistgrube seiner „Beziehungen"" zu diesen Kindern zu graben, kotzt selbst den abgebrühtesten Gerichtsberichter an."	2
665	abgebrüht	1	24-33	Billy Hopp war genügend abgebrüht, um diesen feindseligen Blicken standzuhalten.	2
666	abgebrüht	1	135-144	Keiner von den Maus, natürlich nicht, die kämen ja im Auto. Endlich, man fahrt los, der Schreck läßt nach, der Spuk ist orbei Jack tut abgebrüht, er fingert am Schreibtisch, will eine Niete sein, doch Jenny hat genug, ihr reicht es.	2
667	abgebrüht	1	71-82	Falsche Kameradschaft bindet ihn anfänglich an die Gefährten und ihren abgebrühten Nazi-Zynismus.	2
668	abgebrüht	1	28-39	Die Bekanntschaft mit einem abgebrühten Ganoven, aufwendige Gaststättenbesuche und eine reizvolle Frau führen ihn auf einen Weg, der zu einem bösen Ende führen muß.	2
669	abgebrüht	0	43-52	Vorher müssen alle Pilze mit heißem Wasser abgebrüht werden.	2
670	abgebrüht	1	8-18	Es sind abgebrühte Liebespärchen: Sie kurven ein wenig in der Luft umher, und dann füttern die natterhaften Wesen seelenruhig weiter.	2
671	abgebrüht	1	168-178	Aber der größte Teil der Arbeiter kam aus dem Binnenland, aus Sachsen, aus den verschiedensten Berufen, ganz unerfahren in der Hafen-und Fischarbeit; es waren allerlei abgebrühte Burschen darunter.	2
672	abgebrüht	1	101-112	Was die Bonner Parteien und ihre ostlichen Ziehkinder gegenwärtig veranstalten, kann jedenfalls auch abgebrühten Naturen die Schamröte ins Gesicht treiben.	2
673	abgebrüht	1	51-62	"Krckodilslränen — dieses treffende Bild hätten die abgebrühten Kriegshetzer vielleicht noch „geschluckt""."	2
674	abgebrüht	1	167-181	Vielen einen Umfang muß der Sumpi * » der politischen Korruption und moralischen Degradation unter den herrschenden Kreisen Bonns angenommen haben, wenn er selbst den abgebrühtesten Journalisten der Westpresse in die keineswegs empfindlichen Nasen zu steigen beginnt?	2
675	abgebrüht	1	146-156	Das Blatt schreibt, dah.daher in der nächsten Zeit Proteste der Sowjetunion und der Volksdemokratien gegen diese Einflüge laut werden dürften Die abgebrühte Kaltschnäuzigkeil derer, die gewohnt sind, aus Blut Dollar zu machen, bringt die Zeitung mit den Worten zum Ausdruck:. Es kann zwar nicht offiziell zugegeben werden, aber es wird sich hierbei um Flugzeuge handeln, die im Rahmen der psychologischen Kriegführung Agenten absetzen sowie Anweisungen und Geldmittel für Saboteure abwerfen.	2
676	abgebrüht	1	222-232	"Erwin Biegel als der fröhlich-melancholische Trinker, Franz Stein als Muriels Vater, Ilya Guenten als die um eigenes Familienglück 'betrogene „alte Jungfer"", Ulrich Hoffmann, der • smarte Studiosus, und Otto Matthies, der abgebrühte Kellner, schufen besonders lebensvolle Charakterstudlen."	2
677	abgebrüht	1	79-89	"Feine Komplicen also: der Hitleranbeter Ky, „Freiheitsheld"" Johnson und dieser abgebrühte Held der westlichen Welt."	2
678	abgebrüht	1	17-26	Manche sind ganz abgebrüht, die machen dann montags frei.	2
679	abgebrüht	1	34-45	Nichts mehr von der Keckheit, dem abgebrühten Humor, der ihn in der ersten Nacht eils amüsiert, teils-befremdet hatte.	2
680	abgebrüht	1	17-28	Er hätte von dem abgebrühten Reporter zumindest ein bißchen Ironie bei diesen Worten erwartet.	2
681	abgebrüht	1	82-92	"Es gibt die unterschiedlichsten Angaben iiber Startplatz und Flugroute, Besonders abgebrühte Lügner erzählen Märchen von einem ominösen Funkleitstrahl, auf dem die Maschinen „möglicherweise In den Osten gelockt"" wurden."	2
692	artikulieren	0	9-20	Mitunter artikuliert sich in ihnen auch etwas von einer Bereitschaft zur aktiven Verteidigung des	2
693	artikulieren	0	50-61	Das Geschieh ts-Verständnis der jungen Generation artikuliert sich unter anderem in der Darstellung von Stätten der Revolution.	2
694	artikulieren	0	145-157	Wir sollten nicht zuletzt zuhören lernen, eine Kunst, die heute offenbar nicht zu hoch im Kurs steht, da viele politische Gruppen vor allem sich artikulieren und sich profilieren möchten Da ereifert sich manchmal einer und gewinnt mehr Aufmerksamkeit als eifrige, fleißige Arbeiter, die nicht so schnell mit dem Mund, aber vor allem mit dem Herzen für den Sozialismus sind.	2
695	artikulieren	0	101-112	Menschen erscheinen reduziert auf simple Ansprüche und Überlegungen, selbst Ihr Widerspruch ist kaum artikuliert:	2
696	artikulieren	0	221-233	Dieser Beschluß richte sich „kaum verhüllt gegen einen Teil der linken Opposition, die vielleicht den sozialen Protest, der sich spätestens im Herbst, gegen die jetzige Form der Vereinigung Deutschlands erheben wird, mit artikulieren wird.	2
697	artikulieren	0	159-171	"Das im Minsker Funktechnischen Institut entwickelte Gerät vermag aus einem Bestand von 64 In seinem „Gedächtnis"" gespeicherten Lauten jeden beliebigen Satz zu artikulieren."	2
698	artikulieren	0	112-124	Notwendig ist aber darüber hinaus, die spezifischen Fraueninteressen ' und -bedürfnisse öffentlich wirksamer zu artikulieren, sie in den politischen Entscheidungsprozeß einzubringen und einzufordern.	2
699	artikulieren	0	214-225	"Recht genau entsprach der Konvent den Vorstellungen jenei Gruppierung der amerikanischen Bourgeoisie, die sich am 10. August im Börsen-und Finanzblatt „Wall Street Journal"" zu ihren Vorstellungen eines Präsidenten artikuliert hatte."	2
700	artikulieren	0	5-17	Hier artikulierte sich ein zeitgemäßer, sozialistischer deutscher Patriotismus, Keime eines neuen sozialistischen deutschen nationalen Selbstbewußtseins begannen sich zu regen.	2
701	artikulieren	0	62-73	Wosnessenski weiß sich in diesem gesellschaftlichen Bezug und artikuliert seine politische Verantwortung als Dichter.	2
702	artikulieren	0	32-44	Schon im Frühwerk des Künstlers artikulierte sich ein soziales und politisches Gewissen.	2
703	artikulieren	0	95-106	Der Wille des Volkes und die Frage.Warum können wir nicht alle miteinander in Frieden leben? ' artikuliert sich heute mit größerem Nachdruck, und die Politiker reagieren darauf mit größerer Bereitschaft.	2
704	artikulieren	0	36-48	Autoren und Regisseure dieser Werke artikulieren hier etwas von der bedrückenden Last, der sich Millionen Menschen im kapitalistischen Allitag ausgesetzt sehen, der sozialen Unsicherheit, der Sorge um das Morgen.	2
705	artikulieren	0	144-157	So bekamen wir ein kurzes mystisches Kultspiel zu -sehen, in dem lendengeschürzte Gestalten in Trance schreitend, kriechend, gestikulierend und artikulierend ein weihevolles Ritual zelebrieren.	2
706	artikulieren	0	87-99	Löwenthals Stimme war schwach und heiser, so als fehle ihm die Kraft, sich hörbarer zu artikulieren.	2
707	artikulieren	0	176-187	Zwischen profanen Haushaltsdingen und Betrachtungen zur engeren Umwelt, deren Atmosphäre oft auf die hauptstädtischen Neubaugebiete verweist oder auf die grüneren Randgebiete, artikuliert sich eine starke Sehnsucht nach Leben, danach.	2
708	artikulieren	0	65-76	"Im „Unbedeutenden"" von 1846 ist dieser Gegensatz am deutlichsten artikuliert."	2
709	artikulieren	0	16-29	Hunderttausende artikulierten sich auf der Berliner Demonstration am 4. 11.	2
710	artikulieren	0	180-191	1956. in Melbourne — ■ Australien, war ich schon nicht mehr überrascht, höchstens von der Zusatzplage, wegen des zigtausendkilometerweiten Funkwellenweqes die Reportagen besonders artikuliert und langsam zu sprechen.	2
711	artikulieren	0	246-257	Als Wegbereiter der sowjetischen Reportagefotografie erklären sie sich in einer den sozialen Inhalt der neuen Epoche erschließenden Fotografie, die sich in nüchterner wie fotoästhetisch verdichteter Bildsprache zum Zwecke öffentlicher Mitteilung artikuliert.	2
712	artikulieren	0	29-40	"Und zugleich wird der Wunsch artikuliert „daß die Kritiker Spaß verstehen""."	2
731	ausspannen	0	57-67	Sie haben ahnlich wie Fledermäuse eine Flughaut, die sie ausspannen und sich damit im Gleitflug halten.	2
732	ausspannen	2	64-74	„Herbert Wendler, unser eifriger kleiner Soldat, soll mir Ilona ausspannen?!	2
733	ausspannen	3	68-77	Wer in diesen Wochen in Bansin, Heringsdorf oder Ahlbeck vom Alltag ausspannt, dem empfehlen wir, schöne Ausflüge zu unternehmen.	2
734	ausspannen	0	129-141	Er hielt es für ratsam, den Einbaum an einer günstigen Stelle zu versenken, die steile Böschung zu ersteigen und die Hangematten auszuspannen.	2
735	ausspannen	2	86-97	Roselo bekommt seine Julia, Freund Anselmo Dorotea, die zuvor flugs noch Julias Vater ausgespannt wird, und als drittes Paar besiegeln die Diener Celia und Marin ihren Bund.	2
736	ausspannen	3	51-61	Doch jetzt ist für uns alles vorbei und wir können ausspannen.	2
737	ausspannen	3	96-106	Schafft Möglichkeiten sportlicher Betätigung, richtet Erholungsparks ein, damit die Werktätigen ausspannen kön -	2
738	ausspannen	3	78-90	Seine Ärzte rieten ihm bereits eine Woche nach seinem Amtsantritt. zeitweilig auszuspannen.	2
739	ausspannen	3	18-28	Nun aber erst mal ausspannen — nichts tun und,.. Heir atspläne schmieden.	2
740	ausspannen	3	48-60	Jeder schaffende Mensch braucht ein Zuhause, um auszuspannen und neue Kräfte zu sammeln.	2
741	ausspannen	0	53-64	habe Reinhard Gehlen in den letzten Jahren sein Netz ausgespannt.	2
742	ausspannen	3	48-58	„Wir wären auch froh, wenn wir einmal einen Tag ausspannen könnten, ergänzte ihn Herbert Vogt.	2
743	ausspannen	1	153-163	Er weiß, welches Stehvermögen einer haben muß, der wie Angela manchmal pro Schicht 1000 Teile drehen muß, zwei Stück in jeder Minute einspannen, drehen, ausspannen.	2
744	ausspannen	0	87-98	Am Barren ist das eine Auffangvorrichtung, eine Matte, die dicht über dem Boden straff ausgespannt ist und Stürze vom Gerät ungefährlich macht.	2
745	ausspannen	1	59-70	Ozelot mußte versorgt werden, wurde in den Stall gefahren, ausgespannt und abgeschirrt.	2
746	ausspannen	1	28-39	Die erschöpften Tiere waren ausgespannt worden, und neue, behauptete der Amtmann steif und fest gegenüber Hardenberg, der sich sogleich eingeschaltet hatte, wären im Dorfe nicht mehr vorhanden.	2
747	ausspannen	0	169-181	Die Indianer beoba chteten die drei Männer, die soeben das Ufer erstiegen, auf der Steilwand das Gebüsch abzuschlagen und eine Möglichkeit zu schaffen, ihre Hangematten auszuspannen und ein Lagerfeuer zu entfachen.	2
748	ausspannen	3	53-64	"„Den Garnisonskarzer „Da hätt ich gern mal acht Tage ausgespannt"", versetzte Stas giftig."	2
769	packen	0	7-13	Damals packte ich mein Bündel und zog nach Zwickau, wo ich an der Erweiterung des Bahnhofes arbeiten konnte.	2
770	packen	1	4-11	Wir packten sie munter beim Schopf «, ob alle Nachbarschaft schlief; und lösten sie spielend im Kopfei Wir waren ein Rat-Kollektiv.	2
771	packen	0	257-263	So intensiv, daß Paula Dufter, vielfache BRD-Meisterin, nach einem unerklärlichen Schwächeanfall -Gerüchten nach soll mit Medikamenten experimentiert worden sein — für mehrere Monate gesperrt werden mußte und die 17jährige Margret Tanz plötzlich die Koffer packte und mit-' teilte, sie habe jedes Interesse am Leistungssport verloren.	2
772	packen	2	91-96	"weil die Massen „nur aufgewühlt wurden durch eine starke Bewegung, die sie unwiderstehlich packt"", und weil das Proletariat seinen Feinden stets das Gesetz des Hände ns vorschreiben müsse."	2
773	packen	1	50-56	Als Herr P. den Wunsch äußerte, lieber zu stehen, packte ihn der Vorsteher an der Kehle, würgte ihn und zwang ihn, sich auf einen Stuhl zu setzen, den ihm zwei Westpolizisten unterschoben.	2
774	packen	2	531-537	"Genosse Murawenko gönnt sich und uns kaum eine Pause, spricht von den. ersten* --Geologen < und nennt sie „Pioniere der Erschließung des Jahrhunderts"", erzähiU von der aus dem Süden vorgetragenen Großoffensive auf das große öl und das große blaue Feuer, verschweigt nicht, daß mancher dabei des großen Geldes wegen kam und nach dem ersten Winter mit minus fünfzig oder dem ersten Sommer mit Wolken von Mücken eilends wieder die Segel strich, berichtet von Kanadiern, die beim Studium sibirischer Bohrtechnologien das große Staunen packte und die sich stehenden Fußes um sowjetische Patente bemühten, verweilt am längsten und liebsten aber bei Aussagen über die Burowiki, die Bohrleute, die, wie er selbst, ein bequemeres Leben in südlicheren Gefilden aufgaben und sich der Taiga zum Kampf stellten — freiwillig, aus Einsicht in die Not -"	2
775	packen	0	25-31	MIT VIEL EIFER UND LIEBE packen Junge Pionlete der Berliner Wllhelm-Pieck-Sehule Geschenkpakete für westdeutsche Kinder, deren Eltern durch die Krise Im Ruhrkohlebergbau und in der westdeutschen Eisen-und Stahlindustrie.	2
776	packen	2	71-78	"Jean-Jacques Rousseaus soeben eingetroffenes Buch „Emile"" hatte ihn so gepackt, daß er alles vm sich herum vergaß."	2
777	packen	1	3-9	Er packte Mr. Quick am Rockärmel und Wies zitternd auf einen Straßenbeleuchtungsmast.	2
778	packen	2	0-7	Packend in ihrer unbeugsamen Härte und fanatischen Besessenheit gestaltete Erika Pelikowsky die alte Leßtorff -Bäuerin.	2
779	packen	1	7-13	Bertha packte ihn und warf ihn wieder aufs Brett; auch ihr war ängstlich zumute, aber sie unterdrückte das.	2
780	packen	2	26-33	„Dieses Bild war für mich packend und erregend, ich habe es besonders im Gedächtnis behalten.	2
785	zersetzen	0	252-261	Sie unternimmt den untauglichen Versuch, zwischen den sozialistischen Ländern zu differenzieren, Mißtrauen zwischen ihnen zu säen und das feste Bündnis der sozialistischen Bruderländer sozusagen durch eine Sonderbehandlung Jedes einzelnen von ihnen zu zersetzen.	2
786	zersetzen	0	30-38	Diese „westliche Scheinkultur zersetzt und zerstört die kulturellen Kräfte des deutschen Volkes und erleichtert die geistige und wirtschaftliche Versklavung, die Herabwürdigung Deutschlands zu einer Kolonie ohne Bewußtsein einer eigenen Kulturtradition und ohne Weiterentwicklung einer nationalen Kultur.	2
787	zersetzen	0	72-81	"Er las es und meinte erbost, das sei ja dazu angetan, die „Wehrkraft zu zersetzen""."	2
788	zersetzen	0	82-91	Die Bemühungen der trotzkistischen Führer von Belgrad, die Demokratische Armee zu zersetzen, eine Verleumdungskampagne zu organisieren und die Öffnung der jugoslawischen Grenze für Monarcho-Faschisten bei Kaimaksalan, wo sie unseren Kräften in den Rücken fielen, haben uns gezwungen, einen Teil unserer Truppen entlang der jugoslawischen Grenze einzusetzen.	2
789	zersetzen	0	219-227	Die amerikanischen Kriegstreiber und ihre Agenten hatten davon geträumt, daß mit Hilfe der tschechischen Verschwörer ihre Positionen weit nach Osten vorgeschoben und dadurch auch die Reihen der deutschen Friedenskräfte zersetzt werden könnten.	2
790	zersetzen	0	106-115	Ihr unermüdlicher Kampf gegen jene Elemente in Ihrer Partei, die den Wiederaufbau von innen aufhalten und zersetzen wollten, trug wesentlich dazu bei, die Einheitsfront der antifaschistisch-demokratischen Parteien zu festigen und den Widerstand der imperialistischen Reaktion zu überwinden.	2
791	zersetzen	0	176-185	Doch der Antikommunismus Ist auch heute wieder, wie unter den Nazis, eines der beliebtesten Mittel bei dem Versuch die staatliche Unabhängigkeit Österreichs auszuhöhlen und zu zersetzen.	2
792	zersetzen	0	520-529	Aus alledem ist ersichtlich: die historische Wahrheit besteht darin, daß' die HHIer-v Aggression erstens dadurch möglich wurde, daß die USA den Deutschen halfen, binnen einer kurzen Zeit die militärische und wirtschaftliche Basis der deutschen Aggression zu schaffen und somit diese Aggressoren bewaffneten und zweitens dadurch, daß der Verzicht der, britisch-französischen regierenden Kreise auf kollektive Sicherheit die Reihen der friedliebenden Länder verwirrte, die Einheitsfront dieser Lander gegen die Aggression zersetzte. den Weg für die deutsche Aggression freimachte und Hitler den zweiten Weltkrieg entfesseln half.	2
793	zersetzen	0	102-111	sie wollen die Parteibetriebseruppe in der Richtung des Kampfes gegen die SU beeinflussen, die Partei zersetzen und in den Augen der sowjetischen Besatzungsmacht diskreditieren.	2
794	zersetzen	0	386-394	Sympathie gegenüber dem Proletariat, der Haß gegen Kriegsgewinnler, Junker Und Bürokratie Waren auch in weiten Kreisen der bürgerlichen Bevölkerung und der Bauern-* Schaft während des Krieges im Wachsen, Da * mit War eine empfindliche Schwächung des Klassenfeindes des Proletariats und e ne Stärkung seiner eigenen Kräfte eingetreten; Die Armee war in Auflösung oder doch bereits stark zersetzt, Sympathisierte in weiten Teilet! mit der Arbeiterschaft.	2
795	zersetzen	0	131-140	Dafür überschwemmten die USA deutsches Land mit Gangsterfilmen und Filmen, die der Kriegshetze dienen und die Grundlagen der Moral zersetzen.	2
796	zersetzen	0	234-244	Er vollendete seine Attacke mit einem Satz, in dem Nazijargon als.volkstümlicher Sprachgebrauch bezeichnet wirdr.. Es ist nicht uninteressant, daß im Zusammenhang mit den Intellektuellen lm volkstümlichen-Sprachgebrauch die Wörtchen. zersetzend ' und. entwurzelnd ' immer wieder auftauchen.	2
797	zersetzen	0	141-151	Gegenüber dem völlig zerrütteten, durch die amerikanische Aggressions-und Ausplünderungspolitik von schärfsten Widersprüchen und Gegensätzen zersetzten kapitalistischen System der Weltwirtschaft bietet das von der Sowjetunion geführte Lager von Staaten das Bild einer festen brüderlichen Einheit von Landern, die von demselben Streben beseelt sind, nämlich der Welt den Frieden zu erhalten und die Werktätigen dem Sozialismus entgegenzuführen.	2
798	zersetzen	0	287-296	"Wie der Staatsanwalt in seiner Anklagerede behauptete, seien die Klebezettel mit der Aufschrift wie „Nicht Amisöldner, sondern Aktivisten des Aufbaüs wollen wir sein"" und „Westberliner Jugend kämpft um Lehrstellen und Arbeitsplätze"" dazu angetan, die Moral (!) der Besatzungssoldaten zu zersetzen und die öffentliche Sicherheit in Westberlin zu gefährden."	2
799	zersetzen	1	47-55	Dadurch wird der Kunststoff bis zu dem Zustand zersetzt, in dem er von den Mikroorganismen des Bodens vollständig absorbiert wird und schließlich sogar Pflanzen als Nährstoff dient.	2
800	zersetzen	0	170-179	„Schon ' allein die Existenz der UdSSR als eines Landes des im Aufbau befindlichen Sozialismus trägt als einer der mächtigsten Faktoren dazu bei. den Weltimperiahsmus zu zersetzen und seine Stabilität, sowohl in Europa als auch m den Kolonien zu untergraben.	2
801	zersetzen	0	95-103	Gegenüber der Behauptung in aer Anklageschrift, die Kommunisten hätten die Weimarer Verfassung zersetzt, antwortete Ernst That mann in seinen Notizen zur Anklageschrift:	2
813	überspannen	1	117-127	Eine 460 Meter lange Brücke, die das künftige neue Flußbett der Mulde bei Pouch im Kreis Bitterfeld in 22 Meter Höhe überspannt, wurde nach nur sechsmonatiger Bauzeit am Wochenende für den Verkehr freigegeben.	2
814	überspannen	1	71-81	Eine acht Kilometer lange Brücke, die die sibirische Angara in Irkutsk überspannt, wurde am Wochenende dem Verkehr übergeben.	2
815	überspannen	1	148-159	So entstand das dichteste Theaternetz, das je einen durch gemeinsame Sprache, Kultur und Geschichte zusammengehaltenen Bereich europäischer Prägung überspannte.	2
816	überspannen	0	60-70	Sie verlangte auch viel — viel Geld, meine ich, und sie war überspannt.	2
817	überspannen	1	126-137	Eine dieser Brücken wird den künftigen Durchbruch Grunerstraße, die anderen den Durchbruch Prenzlauer Allee /Liebknechtstraße überspannen.	2
818	überspannen	1	48-58	Die Kadin-Brücke wurde 1470 fertiggestellt, sie überspannt auf einer Länge von 150 Metern mit ihren fünf Bögen die Struma in der Nähe von Kjustendil.	2
819	überspannen	1	19-29	"Der Handlungsbogen überspannt vier Jahrzehnte, geht vom Ausbruch des ersten Weltkrieges bis in unsere Zeit doch er verläuft immer an der „gleichen Strecke"", am Arbeitsplatz und im kargen Milieu des Bahnwärters Paul der auf der Suche nach dem Glück sein Leben fast verwirkt ehe er im späten Alter begreift"	2
820	überspannen	3	104-115	Jürgen Hentsch als Harra zeigte Kauzigkeit und Intelligenz, vollkommen unaneestrengt, ohne den Bogen zu überspannen.	2
821	überspannen	1	70-80	In kühner Stahlkonstruktion, von schlanken Betonpfeilern unterstützt. überspannt sie in 50 Meter Höhe über dem Wasserspiegel die Moldau.	2
822	überspannen	1	50-60	Die Brücke, die Insgesamt 4,8 Kilometer lang ist, überspannt in ihrem Mittelteil zwischen zwei Pfeilern von je 211 Meter Höhe eine lichte weite von 1300 Metern und gestattet selbst den größten Seeschiffen, ungehindert in den Hafen einzulaufen.	2
823	überspannen	2	94-104	Er war ein schwerer Büssing-Lastkraftwagen mit einem hohen Anhänger, beide mit starken Planen überspannt.	2
824	überspannen	1	140-150	• Mit der Fertigstellung der ersten 143 Meter, langen Brükkenhälfte, die in Höhe des Fern-und S-Bahnhofs Berlin-Lichtenberg das Bahngelände überspannt, ist die erste Etappe des größten. Verkehrsbauvorhabens der Hauptstadt erfolgreich abgeschlossen.	2
825	überspannen	1	111-122	Immer dann, wenn ein Bauernhof mit den für den Spreewald typischen. strohgedeckten Blockhäusern sichtbar wird, überspannen schmale Brücken die Wasserstraße.	2
826	überspannen	1	95-105	Rechts die drei Bagger, links die Förderbrücke, die den Tagebau in einer Breite von 580 Meiern überspannt.	2
